ticker,sector,composite_z,composite_rank,composite_pct,ai_score,ai_rated_at,value_quality_score,value_rank,growth_score,growth_rank,exclusion_reason
A,Health Care,-0.0351,1365,44.37,,,,,,,
AA,Materials,0.2528,615,74.96,,,,,,,
AADX,Industrials,,,,,,,,,,new_issue
AAL,Industrials,-0.3124,1917,21.86,,,,,,,
AAMI,Financials,0.1755,810,67.01,,,,,,,
AAOI,Information Technology,-0.3886,2010,18.07,,,,,,,
AAON,Industrials,-0.2388,1809,26.26,,,,,,,
AAP,Consumer Discretionary,-0.099,1542,37.15,,,,,,,
AAPL,Information Technology,0.7102,125,94.94,,,,,,,
AAT,Real Estate,-0.1957,1740,29.08,,,,,,,
AAUC,Materials,0.2157,712,71.0,,,,,,,
ABBV,Health Care,-0.0608,1443,41.19,,,,,,,
ABCB,Financials,-0.3478,1961,20.07,,,,,,,
ABCL,Health Care,-0.0468,1401,42.9,,,,,,,
ABEO,Health Care,-1.0817,2383,2.85,,,,,,,
ABG,Consumer Discretionary,-0.0121,1310,46.62,,,,,,,
ABM,,0.014,1245,49.27,,,,,,,
ABNB,,0.3941,376,84.71,,,,,,,
ABSI,Health Care,0.1963,759,69.09,,,0.2799,386,2.1119,25,
ABT,Health Care,-0.757,2299,6.28,,,,,,,
ABTC,Financials,-2.0661,2453,0.0,33.0,2026-08-10T22:41:23.473184+00:00,,,3.1962,12,
ABX,Financials,-0.4661,2089,14.85,,,,,,,
ACA,Industrials,0.3929,380,84.54,,,,,,,
ACAD,Health Care,-0.2502,1826,25.57,,,,,,,
ACGL,Financials,0.0851,1046,57.38,,,,,,,
ACHC,Health Care,-0.0628,1447,41.03,,,,,,,
ACHR,Industrials,-0.6553,2242,8.61,,,,,,,
ACHV,Health Care,0.2327,669,72.76,,,,,,,
ACI,Consumer Staples,-0.2729,1860,24.18,,,,,,,
ACIW,Information Technology,0.0508,1152,53.06,,,,,,,
ACLS,Industrials,-0.2667,1849,24.63,,,,,,,
ACM,Industrials,-0.48,2103,14.27,,,,,,,
ACMR,Industrials,0.4003,369,84.99,,,,,,,
ACN,,-0.9393,2351,4.16,,,,,,,
ACRS,Health Care,0.2106,726,70.43,,,,,,,
ACT,Financials,0.2853,552,77.53,,,,,,,
ACVA,,-0.2901,1884,23.21,,,,,,,
AD,Communication Services,0.454,299,87.85,,,,,,,
ADAM,Real Estate,0.3397,455,81.48,,,,,,,
ADBE,Information Technology,0.343,446,81.85,,,,,,,
ADC,Real Estate,-0.1462,1647,32.87,,,,,,,
ADEA,Communication Services,0.2545,612,75.08,,,,,,,
ADI,Information Technology,0.2637,591,75.94,,,,,,,
ADM,Consumer Staples,0.2513,621,74.71,,,,,,,
ADMA,Health Care,-0.2249,1787,27.16,,,,,,,
ADNT,Consumer Discretionary,-0.1391,1626,33.73,,,,,,,
ADP,Information Technology,0.466,283,88.5,,,,,,,
ADPT,Health Care,-0.1832,1712,30.22,,,,,,,
ADSK,Information Technology,0.245,635,74.14,,,,,,,
ADT,,0.2448,636,74.1,,,,,,,
ADTN,Information Technology,-0.1703,1692,31.04,,,,,,,
ADUR,Materials,-0.2055,1754,28.51,,,,,,,
ADUS,Health Care,0.3728,403,83.61,,,,,,,
ADX,,-0.0429,1388,43.43,,,,,,,
AEE,Utilities,-0.0363,1368,44.25,,,,,,,
AEG,Financials,-0.1859,1722,29.81,,,,,,,
AEHR,Industrials,-0.0478,1407,42.66,,,,,,,
AEIS,Information Technology,0.0084,1262,48.57,,,,,,,
AEM,Materials,0.1625,839,65.82,,,,,,,
AEO,Consumer Discretionary,0.2735,570,76.79,,,,,,,
AEP,Utilities,-0.2037,1750,28.67,,,,,,,
AER,,-0.0482,1408,42.62,,,,,,,
AES,Utilities,0.5518,206,91.64,,,,,,,
AESI,Energy,-0.4273,2046,16.6,,,,,,,
AEVA,Consumer Discretionary,-1.3307,2428,1.02,,,,,,,
AFG,Financials,0.1985,751,69.41,,,,,,,
AFL,Financials,-0.0023,1286,47.59,,,,,,,
AFRM,Financials,0.1699,829,66.23,,,,,,,
AG,Materials,1.0572,49,98.04,,,,,,,
AGCO,Industrials,-0.1361,1624,33.81,,,,,,,
AGEN,Health Care,0.5408,214,91.31,,,,,,,
AGI,Materials,-0.2783,1868,23.86,,,,,,,
AGIO,Health Care,-0.6307,2223,9.38,,,,,,,
AGL,Health Care,0.4753,275,88.83,,,,,,,
AGM,Financials,0.0523,1146,53.3,,,,,,,
AGNC,Real Estate,0.3012,525,78.63,,,,,,,
AGO,Financials,-0.2244,1785,27.24,,,,,,,
AGRO,Materials,0.145,879,64.19,,,,,,,
AGX,Industrials,0.8291,90,96.37,,,,,,,
AGYS,Information Technology,-0.0039,1295,47.23,,,,,,,
AHCO,Health Care,-0.6845,2256,8.03,,,,,,,
AHR,Real Estate,-0.0127,1312,46.53,68.0,2026-08-10T22:40:25.505742+00:00,0.0239,1104,6.4799,6,
AI,Information Technology,0.3564,430,82.5,,,,,,,
AIG,Financials,-0.0687,1459,40.54,,,,,,,
AIN,Consumer Discretionary,-0.0607,1442,41.23,,,,,,,
AIP,Information Technology,-0.3332,1940,20.92,,,,,,,
AIR,Industrials,0.1769,804,67.25,,,,,,,
AIT,Industrials,0.1507,869,64.6,,,,,,,
AIZ,Financials,0.2216,699,71.53,,,,,,,
AJG,Financials,-0.2824,1874,23.61,,,,,,,
AKAM,,-0.1239,1595,34.99,,,,,,,
AKR,Real Estate,-0.073,1469,40.13,,,,,,,
AKTS,Health Care,,,,,,,,,,new_issue
ALAB,Information Technology,-0.1853,1720,29.89,,,,,,,
ALB,Materials,0.2958,533,78.3,,,,,,,
ALC,Health Care,-0.5669,2173,11.42,,,,,,,
ALG,Industrials,-0.1492,1653,32.63,,,,,,,
ALGM,Information Technology,0.0446,1167,52.45,,,,,,,
ALGN,Health Care,-0.0498,1414,42.37,,,,,,,
ALGT,Industrials,0.0041,1268,48.33,,,,,,,
ALH,Industrials,,,,,,,,,,new_issue
ALHC,Financials,0.1054,998,59.34,,,,,,,
ALIT,,-0.6282,2220,9.5,,,,,,,
ALK,Industrials,-0.6233,2216,9.67,,,,,,,
ALKS,Health Care,-0.402,2024,17.5,,,,,,,
ALKT,Information Technology,0.0322,1195,51.31,,,,,,,
ALL,Financials,0.4711,279,88.66,,,,,,,
ALLE,,0.2752,567,76.92,,,,,,,
ALLY,Financials,0.0503,1156,52.9,,,,,,,
ALM,Materials,3.698,5,99.84,,,,,,,
ALMR,Health Care,,,,,,,,,,new_issue
ALMS,Health Care,0.588,183,92.58,,,,,,,
ALMU,Information Technology,-1.2356,2409,1.79,,,,,,,
ALNT,Industrials,0.8113,93,96.25,,,,,,,
ALNY,Health Care,-0.0874,1513,38.34,,,,,,,
ALOY,Materials,-0.9768,2361,3.75,,,,,,,
ALRM,Information Technology,-0.0436,1393,43.23,,,,,,,
ALRS,Financials,0.0217,1223,50.16,,,,,,,
ALSN,Consumer Discretionary,-0.0647,1451,40.86,,,,,,,
ALV,Consumer Discretionary,-0.0849,1508,38.54,,,,,,,
ALX,Real Estate,0.4517,302,87.72,,,,,,,
AM,Utilities,-0.003,1290,47.43,,,,,,,
AMAL,Financials,0.4755,274,88.87,,,,,,,
AMAT,Information Technology,0.4019,368,85.03,,,,,,,
AMBA,Information Technology,0.0444,1168,52.41,,,,,,,
AMCR,Consumer Discretionary,0.2896,541,77.98,,,,,,,
AMCX,Communication Services,-0.0185,1327,45.92,,,,,,,
AMD,Information Technology,0.8774,79,96.82,,,,,,,
AME,Industrials,0.3022,523,78.71,,,,,,,
AMG,Financials,0.4578,293,88.09,,,,,,,
AMGN,Health Care,0.4062,360,85.36,,,,,,,
AMH,Real Estate,0.1727,826,66.35,,,,,,,
AMKR,Information Technology,0.7093,126,94.9,,,,,,,
AMLX,Health Care,0.0379,1179,51.96,,,,,,,
AMN,,0.736,118,95.23,,,,,,,
AMP,Financials,0.243,645,73.74,,,,,,,
AMPH,Health Care,-0.0074,1302,46.94,,,,,,,
AMPL,Information Technology,0.0849,1047,57.34,,,,,,,
AMPX,Industrials,-0.7075,2269,7.5,,,,,,,
AMR,Energy,-0.0351,1364,44.41,,,,,,,
AMRC,Industrials,-0.5392,2157,12.07,,,,,,,
AMRX,Health Care,0.7418,115,95.35,63.0,2026-08-10T22:39:28.483333+00:00,1.3479,10,0.3629,343,
AMSC,Industrials,-0.6846,2257,7.99,,,,,,,
AMSF,Financials,-0.1165,1577,35.73,,,,,,,
AMT,Real Estate,0.2003,747,69.58,,,,,,,
AMTB,Financials,-0.001,1282,47.76,,,,,,,
AMTM,,0.086,1043,57.5,,,,,,,
AMZN,Consumer Discretionary,0.2357,664,72.96,,,,,,,
AN,Consumer Discretionary,0.1931,766,68.8,,,,,,,
ANAB,Health Care,0.923,76,96.94,60.0,2026-08-26T22:36:47.785852+00:00,1.163,15,2.7851,14,
ANDE,Industrials,0.4759,272,88.95,,,,,,,
ANDG,,,,,,,,,,,new_issue
ANET,Information Technology,-0.0131,1314,46.45,,,,,,,
ANF,Consumer Discretionary,0.5957,179,92.74,,,,,,,
ANGO,Health Care,0.035,1188,51.59,,,,,,,
ANIP,Health Care,0.0029,1272,48.16,,,,,,,
ANRO,Health Care,0.0794,1060,56.81,,,0.9305,22,,,
AON,Financials,-0.0202,1334,45.64,,,,,,,
AORT,Health Care,-0.5518,2164,11.79,,,,,,,
AOS,Industrials,-0.1222,1591,35.15,,,,,,,
AOSL,Information Technology,-0.3913,2017,17.78,,,,,,,
APA,Energy,0.6663,147,94.05,,,,,,,
APAM,Financials,0.3267,480,80.46,,,,,,,
APC,Industrials,,,,,,,,,,new_issue
APD,Materials,-0.2993,1899,22.59,,,,,,,
APEI,,0.4538,300,87.81,,,,,,,
APG,,-0.0786,1488,39.36,,,,,,,
APH,Information Technology,-0.0009,1281,47.8,,,,,,,
APLD,Information Technology,-1.1959,2402,2.08,,,,,,,
APLE,Real Estate,0.1108,987,59.79,,,,,,,
APO,Financials,-0.1249,1597,34.91,,,,,,,
APOG,Materials,0.247,628,74.43,,,,,,,
APP,Information Technology,0.464,285,88.42,,,,,,,
APPF,Information Technology,0.2223,698,71.57,,,,,,,
APPN,Information Technology,0.0768,1067,56.53,,,,,,,
APPS,Financials,0.1662,836,65.95,,,,,,,
APTV,Consumer Discretionary,-0.1819,1709,30.34,,,,,,,
AQN,Utilities,-0.3712,1992,18.8,,,,,,,
AR,Energy,0.1832,791,67.78,,,,,,,
ARCB,Industrials,0.1761,808,67.09,,,,,,,
ARCC,,-0.412,2034,17.09,,,,,,,
ARCO,Consumer Discretionary,-0.2365,1806,26.39,,,,,,,
ARCT,Health Care,-0.7303,2283,6.93,,,,,,,
ARE,Real Estate,-0.4155,2037,16.97,,,,,,,
ARES,Financials,-0.1253,1598,34.87,,,,,,,
ARHS,Consumer Discretionary,-0.0606,1440,41.31,,,,,,,
ARI,Real Estate,0.1463,876,64.31,,,,,,,
ARIS,Materials,1.7331,22,99.14,,,,,,,
ARLO,,-0.0131,1315,46.41,,,,,,,
ARMK,Consumer Discretionary,0.0805,1057,56.93,,,,,,,
AROC,Utilities,0.2396,657,73.25,,,,,,,
ARQQ,Information Technology,-1.4827,2433,0.82,,,,,,,
ARQT,Health Care,-0.043,1391,43.31,,,,,,,
ARR,Real Estate,0.2525,617,74.88,,,,,,,
ARVN,Health Care,-0.0658,1453,40.78,,,,,,,
ARW,Industrials,0.0344,1191,51.47,,,,,,,
ARWR,Health Care,0.0377,1180,51.92,,,,,,,
ARXS,Industrials,,,,,,,,,,new_issue
AS,Consumer Discretionary,-0.6852,2258,7.95,,,,,,,
ASAN,Information Technology,-0.2378,1808,26.31,,,,,,,
ASB,Financials,-0.0683,1458,40.58,,,,,,,
ASC,Industrials,0.1964,758,69.13,,,,,,,
ASH,Industrials,0.8008,97,96.08,,,,,,,
ASM,Materials,0.7718,104,95.8,,,,,,,
ASMB,Health Care,-1.1281,2390,2.57,,,,,,,
ASML,Industrials,1.0803,45,98.21,,,,,,,
ASND,Health Care,0.0328,1193,51.39,,,,,,,
ASO,Consumer Discretionary,0.2301,678,72.39,,,,,,,
ASR,Industrials,-0.8868,2335,4.81,,,,,,,
ASST,Financials,-1.6348,2444,0.37,,,,,,,
ASTE,Industrials,-0.307,1910,22.15,,,,,,,
ASTH,Industrials,-0.0864,1512,38.38,,,,,,,
ASTS,Communication Services,-1.7362,2448,0.2,,,,,,,
ASYS,Industrials,-0.1935,1735,29.28,,,,,,,
ATAI,Health Care,,,,,,,,,,new_issue
ATEC,Health Care,0.846,86,96.53,,,,,,,
ATEN,Information Technology,-0.0197,1329,45.84,,,,,,,
ATEX,Communication Services,0.1214,954,61.13,,,,,,,
ATI,Materials,0.7955,99,96.0,,,,,,,
ATKR,Industrials,-0.1012,1547,36.95,,,,,,,
ATLC,Financials,0.3373,459,81.32,,,,,,,
ATMU,Consumer Discretionary,0.0407,1176,52.08,,,,,,,
ATO,Utilities,0.1734,822,66.52,,,,,,,
ATR,Materials,-0.2011,1748,28.75,,,,,,,
ATRC,Health Care,0.2903,539,78.06,,,,,,,
ATRO,Industrials,0.5989,177,92.82,,,,,,,
AU,Materials,1.0805,44,98.25,,,,,,,
AUB,Financials,0.2983,529,78.47,,,,,,,
AUPH,Health Care,-0.1845,1717,30.02,,,,,,,
AUR,Information Technology,-0.7545,2296,6.4,,,,,,,
AVA,Utilities,0.3137,507,79.36,,,,,,,
AVAH,Health Care,0.3365,462,81.2,,,,,,,
AVAV,Industrials,-0.4018,2023,17.54,,,,,,,
AVBP,Health Care,-0.4853,2109,14.03,,,,,,,
AVEX,Industrials,,,,,,,,,,new_issue
AVGO,Information Technology,0.256,609,75.2,,,,,,,
AVLN,Health Care,,,,,,,,,,new_issue
AVNT,Materials,0.0523,1147,53.26,,,,,,,
AVO,Materials,-0.6819,2253,8.16,,,,,,,
AVPT,Information Technology,0.2881,547,77.73,,,,,,,
AVT,Industrials,-0.0917,1529,37.68,,,,,,,
AVTR,Health Care,-0.1305,1614,34.22,,,,,,,
AVTX,Health Care,-1.0525,2377,3.1,,,,,,,
AVY,Materials,0.185,783,68.11,,,,,,,
AWI,Materials,0.1702,828,66.27,,,,,,,
AWK,Utilities,0.0568,1131,53.92,,,,,,,
AWR,Utilities,0.1752,812,66.92,,,,,,,
AX,Financials,0.017,1235,49.67,,,,,,,
AXGN,Health Care,0.4062,359,85.4,,,,,,,
AXON,Industrials,-0.3404,1951,20.47,,,,,,,
AXP,Financials,0.1361,903,63.21,,,,,,,
AXS,Financials,-0.4348,2055,16.23,,,,,,,
AXSM,Health Care,-0.389,2011,18.03,,,,,,,
AXTA,Materials,0.0188,1229,49.92,,,,,,,
AXTI,Information Technology,-0.1118,1568,36.09,58.0,2026-08-10T22:38:38.756602+00:00,0.9538,20,1.3647,57,
AYA,Materials,2.3255,13,99.51,,,,,,,
AYI,Industrials,-0.5109,2133,13.05,,,,,,,
AZN,Health Care,-0.3036,1905,22.35,,,,,,,
AZO,Consumer Discretionary,-1.0445,2372,3.3,,,,,,,
AZTA,Industrials,-0.0738,1474,39.93,,,,,,,
AZZ,Industrials,-0.1698,1691,31.08,,,,,,,
B,Materials,0.2739,569,76.84,,,,,,,
BA,Industrials,-0.0938,1536,37.4,,,,,,,
BAC,Financials,0.2815,557,77.32,,,,,,,
BAH,Industrials,0.0843,1049,57.26,,,,,,,
BALL,Industrials,0.0018,1274,48.08,,,,,,,
BAM,Financials,-0.3419,1954,20.35,,,,,,,
BANC,Financials,-0.3405,1952,20.43,,,,,,,
BAND,Information Technology,2.6105,10,99.63,,,,,,,
BANF,Financials,-0.0696,1460,40.5,,,,,,,
BANR,Financials,0.0442,1169,52.37,,,,,,,
BAP,Financials,0.4264,331,86.54,,,,,,,
BAR,Financials,0.15,870,64.56,,,,,,,
BATRK,Consumer Discretionary,-0.4787,2101,14.36,,,,,,,
BAX,Health Care,-0.143,1641,33.12,,,,,,,
BB,Information Technology,0.224,691,71.86,,,,,,,
BBAR,Financials,0.4069,357,85.48,,,,,,,
BBDC,,0.1947,761,69.0,,,,,,,
BBIO,Health Care,0.2076,734,70.11,,,,,,,
BBSI,,-0.2114,1761,28.22,,,,,,,
BBT,Financials,-0.318,1924,21.57,,,,,,,
BBUC,Industrials,-0.9123,2341,4.57,,,,,,,
BBVA,Financials,0.5678,198,91.97,,,,,,,
BBW,Consumer Discretionary,-0.0993,1544,37.07,,,,,,,
BBWI,Consumer Discretionary,0.1081,991,59.62,,,,,,,
BBY,Consumer Discretionary,0.4221,336,86.34,,,,,,,
BC,Industrials,0.1065,997,59.38,,,,,,,
BCAT,,0.0346,1190,51.51,,,,,,,
BCAX,Health Care,-0.1284,1605,34.58,,,,,,,
BCC,Industrials,-0.0463,1399,42.99,,,,,,,
BCE,Communication Services,-0.4129,2035,17.05,,,,,,,
BCH,Financials,0.3084,515,79.04,,,,,,,
BCO,Industrials,0.1184,965,60.69,,,,,,,
BCPC,Materials,0.3944,374,84.79,,,,,,,
BCRX,Health Care,0.4396,318,87.07,,,,,,,
BCS,Financials,0.1172,970,60.48,,,,,,,
BDC,Materials,0.0192,1227,50.0,,,,,,,
BDX,Health Care,-0.0913,1525,37.85,,,,,,,
BE,Industrials,3.5058,6,99.8,,,,,,,
BEAM,Health Care,-0.7122,2271,7.42,,,,,,,
BELFA,Information Technology,0.2572,607,75.29,,,,,,,
BELFB,Information Technology,0.2142,716,70.84,,,,,,,
BEN,Financials,0.0801,1058,56.89,,,,,,,
BEPC,Utilities,-0.5391,2156,12.11,,,,,,,
BETA,Industrials,,,,,,,,,,new_issue
BETR,Financials,-1.5832,2443,0.41,,,,,,,
BF-B,Consumer Staples,0.037,1183,51.79,,,,,,,
BFAM,,-0.1951,1739,29.12,,,,,,,
BFC,Financials,0.2032,740,69.86,,,,,,,
BFH,Financials,0.4803,267,89.15,,,,,,,
BFLY,Health Care,0.9635,64,97.43,,,,,,,
BFST,Financials,0.0018,1275,48.04,,,,,,,
BG,Consumer Staples,0.361,422,82.83,,,,,,,
BGC,Financials,0.1348,906,63.09,,,,,,,
BGSI,,,,,,,,,,,insufficient_history
BH,Consumer Discretionary,-0.5873,2190,10.73,,,,,,,
BH-A,Consumer Discretionary,-0.1538,1664,32.18,,,,,,,
BHC,Health Care,-0.3098,1911,22.1,,,,,,,
BHE,Information Technology,0.3837,392,84.05,,,,,,,
BHF,Financials,0.4294,327,86.7,,,,,,,
BHRB,Financials,-0.2951,1890,22.96,,,,,,,
BHVN,Health Care,-0.7021,2267,7.59,,,,,,,
BIIB,Health Care,0.6137,171,93.07,,,,,,,
BILL,Information Technology,-0.0698,1461,40.46,,,,,,,
BIO,Health Care,-0.0222,1340,45.39,,,,,,,
BIOA,Health Care,-0.6654,2245,8.48,,,,,,,
BIPC,Utilities,-0.5171,2138,12.85,,,,,,,
BIRK,Consumer Discretionary,-0.8951,2338,4.69,,,,,,,
BJ,Consumer Discretionary,0.2653,588,76.06,,,,,,,
BJRI,Consumer Discretionary,0.2895,542,77.94,,,,,,,
BKD,Health Care,0.7405,116,95.31,,,,,,,
BKE,Consumer Discretionary,0.0578,1129,54.0,,,,,,,
BKH,Utilities,0.0952,1019,58.48,,,,,,,
BKKT,Financials,-1.0511,2375,3.18,,,,,,,
BKNG,Industrials,0.0905,1028,58.12,,,,,,,
BKR,Industrials,-0.1075,1562,36.34,,,,,,,
BKSY,Information Technology,-0.4648,2088,14.89,,,,,,,
BKU,Financials,0.0627,1115,54.57,,,,,,,
BKV,Energy,-0.3385,1947,20.64,,,,,,,
BL,Information Technology,0.0656,1104,55.02,,,,,,,
BLBD,Consumer Discretionary,0.029,1207,50.82,,,,,,,
BLCO,Health Care,-0.1061,1559,36.46,,,,,,,
BLDR,Consumer Discretionary,-0.5123,2134,13.01,,,,,,,
BLFS,Health Care,0.1271,930,62.11,,,,,,,
BLK,Financials,-0.1202,1587,35.32,,,,,,,
BLKB,Information Technology,0.7403,117,95.27,,,,,,,
BLLN,Health Care,,,,,,,,,,new_issue
BLMN,Consumer Discretionary,0.2238,693,71.78,,,,,,,
BLX,Financials,-0.0916,1528,37.72,,,,,,,
BLZE,Information Technology,0.2506,623,74.63,,,,,,,
BMA,Financials,0.6896,135,94.54,,,,,,,
BMI,Industrials,-0.2244,1784,27.28,,,,,,,
BMO,Financials,0.1695,830,66.19,,,,,,,
BMRN,Health Care,-0.4616,2085,15.01,,,,,,,
BMY,Health Care,0.3544,433,82.38,,,,,,,
BN,Real Estate,-0.7022,2268,7.54,,,,,,,
BNL,Real Estate,0.0279,1212,50.61,,,,,,,
BNS,Financials,0.3992,370,84.95,,,,,,,
BNY,Financials,0.2284,683,72.19,,,,,,,
BOBS,Consumer Discretionary,,,,,,,,,,new_issue
BOH,Financials,0.1887,774,68.47,,,,,,,
BOKF,Financials,0.1848,786,67.99,,,,,,,
BOOT,Consumer Discretionary,0.2205,700,71.49,,,,,,,
BOT,,,,,,,,,,,new_issue
BOW,Financials,0.2343,667,72.84,,,,,,,
BOX,Information Technology,0.2378,660,73.12,,,,,,,
BP,Energy,-0.0149,1318,46.29,,,,,,,
BPOP,Financials,0.3141,503,79.53,,,,,,,
BPRE,,,,,,,,,,,new_issue
BR,,0.0585,1127,54.08,,,,,,,
BRBR,Consumer Staples,-0.0326,1360,44.58,,,,,,,
BRC,Consumer Discretionary,-0.0252,1351,44.94,,,,,,,
BRK-A,Financials,-0.0046,1299,47.06,,,,,,,
BRK-B,Financials,-0.222,1779,27.49,,,,,,,
BRKR,Health Care,-0.2197,1774,27.69,,,,,,,
BRO,Financials,-0.1238,1594,35.03,,,,,,,
BROS,Consumer Discretionary,0.1389,896,63.5,,,,,,,
BRSL,Consumer Discretionary,-1.0445,2373,3.26,,,,,,,
BRX,Real Estate,-0.0964,1538,37.32,,,,,,,
BRZE,Information Technology,0.1405,887,63.87,,,,,,,
BSAC,Financials,0.2239,692,71.82,,,,,,,
BSX,Health Care,-0.3856,2007,18.19,,,,,,,
BSY,Information Technology,0.0084,1261,48.61,,,,,,,
BTDR,Financials,-1.248,2413,1.63,,,,,,,
BTG,Materials,-0.1554,1665,32.14,,,,,,,
BTGO,Financials,,,,,,,,,,new_issue
BTI,Consumer Staples,-0.2196,1773,27.73,,,,,,,
BTSG,Health Care,0.3942,375,84.75,,,,,,,
BTU,Energy,-0.4186,2039,16.88,,,,,,,
BUD,Consumer Staples,0.1135,982,59.99,,,,,,,
BULL,Financials,-1.2116,2406,1.92,,,,,,,
BURL,Consumer Discretionary,0.55,209,91.52,,,,,,,
BUSE,Financials,0.0972,1014,58.69,,,,,,,
BV,Materials,-0.2799,1871,23.74,,,,,,,
BVN,Materials,0.6756,143,94.21,,,,,,,
BVS,Health Care,0.4806,265,89.23,,,,,,,
BW,Industrials,-0.0031,1291,47.39,,,,,,,
BWA,Consumer Discretionary,0.2642,590,75.98,,,,,,,
BWIN,Financials,-0.7604,2301,6.2,,,,,,,
BWLP,Industrials,0.6211,167,93.23,,,,,,,
BWMN,Industrials,-0.3447,1958,20.19,,,,,,,
BWXT,Industrials,0.1137,980,60.07,,,,,,,
BX,Financials,0.1202,959,60.93,,,,,,,
BXC,Industrials,-0.08,1495,39.07,,,,,,,
BXDC,Real Estate,,,,,,,,,,new_issue
BXMT,Real Estate,-0.3353,1941,20.88,,,,,,,
BXP,Real Estate,-0.1296,1611,34.34,,,,,,,
BXSL,,-0.4746,2097,14.52,,,,,,,
BY,Financials,0.3584,428,82.59,,,,,,,
BYD,Consumer Discretionary,0.0702,1084,55.83,,,,,,,
BYND,Consumer Staples,0.1816,796,67.58,,,,,,,
BZH,Industrials,-0.3291,1937,21.04,,,,,,,
C,Financials,0.1205,957,61.01,,,,,,,
CABO,Communication Services,-0.6389,2232,9.01,,,,,,,
CACC,Financials,0.4054,363,85.24,,,,,,,
CACI,Information Technology,0.0866,1042,57.54,,,,,,,
CADL,Health Care,-0.413,2036,17.01,,,,,,,
CAE,Industrials,-0.7484,2288,6.73,,,,,,,
CAG,Consumer Staples,-0.3702,1991,18.84,,,,,,,
CAH,Industrials,-0.1278,1603,34.67,,,,,,,
CAKE,Consumer Discretionary,0.6703,146,94.09,,,,,,,
CAL,Consumer Discretionary,0.3056,518,78.92,,,,,,,
CALM,Materials,-0.1992,1746,28.83,,,,,,,
CALX,Communication Services,-0.0374,1371,44.13,,,,,,,
CALY,Consumer Discretionary,0.3258,482,80.38,,,,,,,
CAMT,Industrials,0.2248,690,71.9,,,,,,,
CAPR,Health Care,-1.4832,2434,0.77,,,,,,,
CAR,,-0.722,2278,7.14,,,,,,,
CARE,Financials,0.4409,316,87.15,,,,,,,
CARG,Information Technology,0.9596,66,97.35,,,,,,,
CARR,Industrials,-0.4971,2122,13.5,,,,,,,
CARS,Information Technology,0.1733,824,66.44,,,,,,,
CART,,0.4962,249,89.89,,,,,,,
CASH,Financials,0.0001,1278,47.92,,,,,,,
CASY,Consumer Discretionary,0.4798,269,89.07,,,,,,,
CAT,Industrials,0.5299,224,90.91,,,,,,,
CATY,Financials,0.1685,834,66.03,,,,,,,
CAVA,Consumer Discretionary,-0.02,1330,45.8,,,,,,,
CB,Financials,-0.064,1449,40.95,,,,,,,
CBC,Financials,,,,,,,,,,new_issue
CBL,Real Estate,0.759,107,95.68,,,,,,,
CBOE,Financials,0.3601,427,82.63,,,,,,,
CBRE,Real Estate,-0.2055,1753,28.55,,,,,,,
CBRL,Consumer Discretionary,0.3306,475,80.67,,,,,,,
CBRS,Information Technology,,,,,,,,,,new_issue
CBSH,Financials,-0.1269,1601,34.75,,,,,,,
CBT,Materials,-0.2447,1823,25.69,,,,,,,
CBU,Financials,0.0452,1164,52.57,,,,,,,
CBZ,,-0.2198,1775,27.65,,,,,,,
CC,Materials,0.4158,341,86.13,,,,,,,
CCB,Financials,-0.7234,2280,7.06,,,,,,,
CCC,Information Technology,-0.0594,1436,41.48,,,,,,,
CCEP,Consumer Staples,-0.057,1430,41.72,,,,,,,
CCI,Real Estate,-0.0221,1339,45.43,,,,,,,
CCJ,Materials,0.0325,1194,51.35,,,,,,,
CCK,Industrials,0.228,685,72.1,,,,,,,
CCL,Industrials,-0.7864,2310,5.83,,,,,,,
CCNE,Financials,0.0939,1022,58.36,,,,,,,
CCOI,Communication Services,-0.0713,1463,40.38,,,,,,,
CCS,Industrials,-0.0901,1520,38.05,,,,,,,
CCSI,Information Technology,1.0129,53,97.88,,,,,,,
CCXI,Industrials,,,,,,,,,,new_issue
CDE,Materials,-0.8544,2328,5.1,,,,,,,
CDNA,Health Care,0.8682,81,96.74,,,,,,,
CDNL,Industrials,,,,,,,,,,new_issue
CDNS,Information Technology,-0.6343,2229,9.14,,,,,,,
CDP,Real Estate,0.0083,1263,48.53,,,,,,,
CDRE,Health Care,-0.1797,1704,30.55,,,,,,,
CDW,Consumer Discretionary,0.0524,1145,53.34,,,,,,,
CE,Materials,-0.5264,2146,12.52,,,,,,,
CECO,Industrials,-1.2362,2410,1.75,,,,,,,
CEG,Utilities,-0.5763,2179,11.17,,,,,,,
CELC,Health Care,-0.5774,2181,11.09,,,,,,,
CELH,Consumer Staples,-0.3427,1956,20.27,,,,,,,
CENTA,Industrials,0.3048,519,78.87,,,,,,,
CENX,Materials,0.2257,689,71.94,,,,,,,
CERT,Information Technology,-0.4556,2075,15.42,,,,,,,
CEVA,Information Technology,-0.36,1980,19.29,,,,,,,
CF,Materials,0.5321,220,91.07,,,,,,,
CFFN,Financials,0.241,653,73.41,,,,,,,
CFG,Financials,0.2013,745,69.66,,,,,,,
CFR,Financials,0.121,956,61.05,,,,,,,
CG,Financials,-0.7835,2308,5.91,,,,,,,
CGAU,Materials,2.1797,14,99.47,,,,,,,
CGEM,Health Care,0.2892,543,77.9,,,,,,,
CGNX,Industrials,0.2179,706,71.25,,,,,,,
CGON,Health Care,-0.1832,1711,30.26,,,,,,,
CHCO,Financials,0.0183,1231,49.84,,,,,,,
CHD,Consumer Staples,0.0474,1159,52.77,,,,,,,
CHDN,Consumer Discretionary,-0.0936,1535,37.44,,,,,,,
CHE,Health Care,0.4254,332,86.5,,,,,,,
CHEF,Industrials,1.1341,39,98.45,,,,,,,
CHH,Consumer Discretionary,0.3019,524,78.67,,,,,,,
CHKP,Information Technology,-1.2001,2403,2.04,,,,,,,
CHRD,Energy,0.6409,156,93.68,,,,,,,
CHRW,Industrials,0.1717,827,66.31,,,,,,,
CHT,Communication Services,-0.4887,2114,13.83,,,,,,,
CHTR,Communication Services,0.5228,232,90.58,,,,,,,
CHWY,Consumer Discretionary,0.1541,858,65.05,,,,,,,
CI,Financials,0.0135,1247,49.18,,,,,,,
CIEN,Information Technology,0.6829,139,94.37,,,,,,,
CIFR,Financials,-2.0126,2451,0.08,,,,,,,
CIGI,Real Estate,-1.1473,2395,2.37,,,,,,,
CIM,Real Estate,-0.3744,1995,18.68,,,,,,,
CINF,Financials,0.2069,737,69.98,,,,,,,
CL,Consumer Staples,0.7426,113,95.43,40.0,2026-08-10T22:39:32.593781+00:00,1.3423,11,0.5638,208,
CLB,Energy,-0.2296,1794,26.88,,,,,,,
CLBK,Financials,0.7149,123,95.02,,,,,,,
CLBT,Information Technology,-1.2098,2405,1.96,,,,,,,
CLDX,Health Care,-0.3757,1998,18.56,,,,,,,
CLF,Materials,-0.3383,1945,20.72,,,,,,,
CLFD,Information Technology,0.06,1124,54.2,,,,,,,
CLH,Utilities,0.1288,924,62.36,,,,,,,
CLM,,-0.5732,2178,11.22,,,,,,,
CLMT,Energy,0.5243,230,90.66,,,,,,,
CLPT,Health Care,-1.3102,2425,1.14,,,,,,,
CLS,Information Technology,0.1355,905,63.13,,,,,,,
CLSK,Financials,-0.9049,2339,4.65,,,,,,,
CLX,Consumer Staples,-0.7301,2282,6.97,,,,,,,
CLYM,Health Care,0.1395,893,63.62,58.0,2026-08-15T05:17:02.724066+00:00,0.9387,21,,,
CM,Financials,0.3915,383,84.42,,,,,,,
CMBT,Industrials,1.0969,42,98.33,,,,,,,
CMC,Materials,-0.1188,1580,35.6,,,,,,,
CMCO,Industrials,-1.636,2445,0.33,,,,,,,
CMCSA,Communication Services,0.096,1016,58.61,,,,,,,
CME,Financials,0.2196,703,71.37,,,,,,,
CMG,Consumer Discretionary,0.2502,626,74.51,,,,,,,
CMI,Industrials,0.1287,925,62.32,,,,,,,
CMP,Materials,0.187,781,68.19,,,,,,,
CMPR,Communication Services,0.0757,1072,56.32,,,,,,,
CMRE,Industrials,-0.1683,1688,31.2,,,,,,,
CMS,Utilities,-0.3291,1938,21.0,,,,,,,
CNA,Financials,0.0912,1025,58.24,,,,,,,
CNC,Financials,0.0942,1021,58.4,,,,,,,
CNH,Industrials,-0.2531,1833,25.29,,,,,,,
CNI,Industrials,0.23,679,72.35,,,,,,,
CNK,Communication Services,0.0696,1088,55.67,,,,,,,
CNM,Industrials,0.1003,1008,58.93,,,,,,,
CNMD,Health Care,-0.0472,1404,42.78,,,,,,,
CNNE,Consumer Discretionary,-0.1847,1718,29.98,,,,,,,
CNO,Financials,0.0741,1074,56.24,,,,,,,
CNOB,Financials,0.3118,511,79.2,,,,,,,
CNP,Utilities,-0.4469,2068,15.7,,,,,,,
CNQ,Energy,0.4991,245,90.05,,,,,,,
CNR,Energy,0.1748,817,66.72,,,,,,,
CNS,Financials,0.0976,1013,58.73,,,,,,,
CNX,Energy,0.1729,825,66.39,,,,,,,
CNXC,,-0.6336,2227,9.22,,,,,,,
CNXN,Industrials,0.1387,897,63.46,,,,,,,
COAG,Health Care,,,,,,,,,,new_issue
COCO,Consumer Staples,0.4502,305,87.6,,,,,,,
CODI,Consumer Discretionary,0.0905,1029,58.08,,,,,,,
COF,Financials,0.2693,578,76.47,,,,,,,
COGT,Health Care,-0.6121,2207,10.03,,,,,,,
COHR,Industrials,0.4925,253,89.72,,,,,,,
COHU,Industrials,0.3335,470,80.87,,,,,,,
COIN,Financials,-0.4288,2048,16.52,,,,,,,
COKE,Consumer Staples,0.274,568,76.88,,,,,,,
COLB,Financials,-0.0763,1482,39.6,,,,,,,
COLD,Real Estate,-0.5078,2130,13.17,,,,,,,
COLL,Health Care,-0.2222,1780,27.45,,,,,,,
COLM,Consumer Discretionary,0.35,439,82.14,,,,,,,
COMP,Real Estate,-0.864,2330,5.02,,,,,,,
CON,Health Care,0.4346,323,86.87,,,,,,,
COO,Health Care,0.2263,688,71.98,,,,,,,
COP,Energy,0.5547,204,91.72,,,,,,,
COR,Industrials,0.1897,771,68.6,,,,,,,
CORT,Health Care,0.0473,1160,52.73,,,,,,,
CORZ,Financials,-0.5832,2185,10.93,,,,,,,
COST,Consumer Discretionary,-0.4853,2108,14.07,,,,,,,
COUR,Information Technology,-1.0951,2386,2.73,,,,,,,
CP,Industrials,0.0186,1230,49.88,,,,,,,
CPA,Industrials,-0.236,1805,26.43,,,,,,,
CPAY,,-0.1,1546,36.99,,,,,,,
CPB,Consumer Staples,0.1155,974,60.32,,,,,,,
CPF,Financials,0.2077,732,70.19,,,,,,,
CPK,Utilities,-0.0553,1426,41.88,,,,,,,
CPNG,Consumer Discretionary,-0.565,2172,11.46,,,,,,,
CPRI,Consumer Discretionary,0.2875,549,77.65,,,,,,,
CPRT,Consumer Discretionary,-1.0412,2370,3.38,,,,,,,
CPT,Real Estate,-0.194,1737,29.2,,,,,,,
CR,Industrials,-0.1748,1696,30.87,,,,,,,
CRAI,,-0.4029,2025,17.46,,,,,,,
CRBG,Financials,-0.0674,1456,40.66,,,,,,,
CRC,Energy,0.0608,1121,54.32,,,,,,,
CRDO,Information Technology,-0.6867,2259,7.91,,,,,,,
CRF,,-0.5906,2192,10.64,,,,,,,
CRGY,Energy,0.3796,394,83.97,,,,,,,
CRH,Materials,0.0833,1051,57.18,,,,,,,
CRI,Consumer Discretionary,0.5568,202,91.8,,,,,,,
CRK,Energy,-0.0787,1489,39.31,,,,,,,
CRL,Health Care,-0.0965,1539,37.28,,,,,,,
CRM,Information Technology,0.3677,409,83.36,,,,,,,
CRMD,Health Care,-0.5292,2148,12.44,,,,,,,
CRML,Materials,-0.1581,1669,31.97,,,,,,,
CRNC,Information Technology,-0.1114,1567,36.13,,,,,,,
CRNX,Health Care,,,,,,,,,,new_issue
CROX,Materials,0.6052,175,92.9,,,,,,,
CRS,Materials,0.46,291,88.17,,,,,,,
CRSP,Health Care,-0.3017,1901,22.51,,,,,,,
CRSR,Information Technology,0.1376,898,63.42,,,,,,,
CRUS,Information Technology,0.1333,913,62.81,,,,,,,
CRVL,Financials,-0.0495,1413,42.41,,,,,,,
CRVS,Health Care,-0.6111,2206,10.07,,,,,,,
CRWD,Information Technology,0.2803,560,77.2,,,,,,,
CSCO,Information Technology,0.2642,589,76.02,,,,,,,
CSGP,,-0.1631,1677,31.65,,,,,,,
CSIQ,Information Technology,-0.3851,2006,18.23,,,,,,,
CSL,Materials,0.0985,1011,58.81,,,,,,,
CSR,Real Estate,-0.0461,1397,43.07,,,,,,,
CSTL,Health Care,0.0282,1210,50.69,,,,,,,
CSTM,Materials,1.0125,54,97.84,,,,,,,
CSW,Materials,-0.0477,1406,42.7,,,,,,,
CSWC,,-0.4477,2070,15.62,,,,,,,
CSX,Industrials,0.368,408,83.4,,,,,,,
CTAS,Consumer Discretionary,-0.0249,1350,44.98,,,,,,,
CTBI,Financials,0.3029,522,78.75,,,,,,,
CTGO,Materials,-1.4837,2435,0.73,,,,,,,
CTNM,Health Care,-0.586,2189,10.77,,,,,,,
CTO,Real Estate,0.2658,587,76.1,,,,,,,
CTOS,,0.2793,561,77.16,,,,,,,
CTRE,Real Estate,-0.1108,1566,36.17,,,,,,,
CTRI,Utilities,-0.2348,1802,26.55,,,,,,,
CTRN,Consumer Discretionary,0.2166,710,71.08,,,,,,,
CTS,Information Technology,0.2296,681,72.27,,,,,,,
CTSH,Information Technology,-0.6508,2239,8.73,,,,,,,
CTVA,Materials,-0.2178,1767,27.98,,,,,,,
CUBE,Real Estate,-0.3756,1997,18.6,,,,,,,
CUBI,Financials,0.0413,1172,52.24,,,,,,,
CURB,Real Estate,0.2002,749,69.49,,,,,,,
CUZ,Real Estate,-0.0403,1380,43.76,,,,,,,
CVBF,Financials,-0.4464,2066,15.78,,,,,,,
CVCO,Materials,-0.0744,1477,39.8,,,,,,,
CVE,Energy,0.9551,70,97.19,,,,,,,
CVI,Energy,0.1492,873,64.44,,,,,,,
CVLG,Industrials,0.1748,816,66.76,,,,,,,
CVLT,Information Technology,0.1258,936,61.87,,,,,,,
CVNA,Consumer Discretionary,-0.3531,1964,19.94,,,,,,,
CVS,Consumer Staples,0.1518,863,64.85,,,,,,,
CVSA,,-0.0905,1522,37.97,,,,,,,
CVX,Energy,0.3407,452,81.61,,,,,,,
CW,Industrials,0.4043,366,85.11,,,,,,,
CWBC,Financials,-0.2939,1888,23.04,,,,,,,
CWEN,Utilities,0.0164,1237,49.59,,,,,,,
CWH,Consumer Discretionary,-0.536,2154,12.19,,,,,,,
CWK,Real Estate,-0.1962,1743,28.96,,,,,,,
CWST,Utilities,-0.0763,1483,39.56,,,,,,,
CWT,Utilities,-0.0093,1306,46.78,,,,,,,
CX,Materials,-0.0914,1526,37.81,,,,,,,
CXM,Information Technology,-0.0879,1516,38.21,,,,,,,
CXT,Industrials,-0.1306,1615,34.18,,,,,,,
CXW,Real Estate,0.0609,1120,54.36,,,,,,,
CYRX,Health Care,-0.1805,1706,30.46,,,,,,,
CYTK,Health Care,0.4283,329,86.62,,,,,,,
CZR,Consumer Discretionary,-0.2769,1866,23.94,,,,,,,
D,Utilities,-0.2713,1857,24.31,,,,,,,
DAC,Industrials,0.6484,155,93.72,,,,,,,
DAKT,Consumer Discretionary,-0.1147,1571,35.97,,,,,,,
DAL,Industrials,-0.0028,1289,47.47,,,,,,,
DAN,Consumer Discretionary,0.3278,478,80.55,,,,,,,
DAR,Consumer Staples,0.6108,172,93.03,,,,,,,
DASH,,-0.1459,1646,32.91,,,,,,,
DAVE,Financials,0.6377,158,93.6,,,,,,,
DB,Financials,-0.2192,1772,27.77,,,,,,,
DBD,Information Technology,0.0321,1196,51.26,,,,,,,
DBRG,Financials,0.1394,894,63.58,,,,,,,
DBX,Information Technology,0.1227,947,61.42,,,,,,,
DC,Materials,-0.4269,2043,16.72,,,,,,,
DCH,Consumer Discretionary,-0.9688,2357,3.92,,,,,,,
DCI,Industrials,0.1433,881,64.11,,,,,,,
DCO,Industrials,0.0684,1095,55.38,,,,,,,
DCOM,Financials,0.0611,1119,54.4,,,,,,,
DCTH,Health Care,0.1312,915,62.72,,,,,,,
DD,Materials,0.1495,872,64.48,,,,,,,
DDOG,Information Technology,0.4043,365,85.15,,,,,,,
DDS,Consumer Discretionary,0.0213,1224,50.12,,,,,,,
DE,Industrials,0.0455,1163,52.61,,,,,,,
DEA,Real Estate,-0.1525,1661,32.3,,,,,,,
DEC,Energy,0.317,496,79.81,,,,,,,
DECK,Materials,0.1044,1000,59.26,,,,,,,
DEI,Real Estate,-0.2439,1822,25.73,,,,,,,
DELL,Information Technology,0.1244,942,61.62,,,,,,,
DEO,Consumer Staples,-0.4858,2111,13.95,,,,,,,
DFH,Industrials,-0.8404,2325,5.22,,,,,,,
DFIN,,0.2879,548,77.69,,,,,,,
DFNS,Industrials,-0.3224,1930,21.33,,,,,,,
DFTX,Health Care,-0.5593,2168,11.62,,,,,,,
DG,Consumer Discretionary,0.2688,581,76.35,,,,,,,
DGII,Information Technology,0.3728,402,83.65,,,,,,,
DGX,Health Care,0.3254,483,80.34,,,,,,,
DHC,Real Estate,0.0011,1277,47.96,,,,,,,
DHI,Industrials,-0.1268,1600,34.79,,,,,,,
DHR,Industrials,0.063,1114,54.61,,,,,,,
DHT,Industrials,0.6966,130,94.74,,,,,,,
DIN,Consumer Discretionary,-0.2728,1859,24.23,,,,,,,
DINO,Industrials,0.4916,255,89.64,,,,,,,
DIOD,Information Technology,0.114,978,60.15,,,,,,,
DIS,Consumer Discretionary,-0.2371,1807,26.35,,,,,,,
DJCO,Communication Services,-0.1468,1650,32.75,,,,,,,
DJT,Information Technology,-0.3576,1973,19.58,,,,,,,
DK,Energy,0.7446,111,95.51,,,,,,,
DKNG,Consumer Discretionary,-0.2738,1862,24.1,,,,,,,
DKS,Consumer Discretionary,-0.5423,2159,11.99,,,,,,,
DLB,Financials,-0.298,1895,22.76,,,,,,,
DLO,,-0.3875,2009,18.11,,,,,,,
DLR,Real Estate,-0.2396,1813,26.1,,,,,,,
DLTR,Consumer Discretionary,0.433,325,86.79,,,,,,,
DLX,Communication Services,0.1768,805,67.21,,,,,,,
DMRA,Health Care,-0.1396,1628,33.65,,,,,,,
DNA,Health Care,-0.9314,2348,4.28,,,,,,,
DNLI,Health Care,-0.3538,1965,19.9,,,,,,,
DNOW,Industrials,-0.9187,2342,4.53,,,,,,,
DNP,,-0.1807,1707,30.42,,,,,,,
DNTH,Health Care,-0.5841,2187,10.85,,,,,,,
DOC,Real Estate,-0.0583,1433,41.6,,,,,,,
DOCN,Information Technology,0.2563,608,75.24,,,,,,,
DOCS,Information Technology,-0.1959,1741,29.04,,,,,,,
DOCU,Information Technology,0.3072,516,79.0,,,,,,,
DOLE,Materials,-0.0115,1309,46.66,,,,,,,
DOO,Industrials,-0.5159,2137,12.89,,,,,,,
DORM,Consumer Discretionary,0.181,798,67.5,,,,,,,
DOV,Industrials,-0.024,1345,45.19,,,,,,,
DOW,Materials,0.1551,856,65.13,,,,,,,
DOX,Information Technology,-0.9378,2350,4.2,,,,,,,
DPC,Materials,,,,,,,,,,new_issue
DPZ,Industrials,0.0517,1148,53.22,,,,,,,
DRH,Real Estate,0.4972,248,89.93,,,,,,,
DRI,Consumer Discretionary,0.1516,866,64.72,,,,,,,
DRS,Industrials,0.3214,492,79.98,,,,,,,
DRTS,Health Care,3.7259,1,100.0,,,,,,,
DRUG,Health Care,0.422,337,86.3,,,,,,,
DRVN,,-0.2693,1855,24.39,,,,,,,
DSGN,Health Care,0.0816,1054,57.06,,,,,,,
DSGR,Industrials,-0.1151,1572,35.93,,,,,,,
DSGX,Information Technology,-0.9095,2340,4.61,,,,,,,
DSL,,-0.5838,2186,10.89,,,,,,,
DT,Information Technology,0.0217,1222,50.2,,,,,,,
DTE,Utilities,-0.4854,2110,13.99,,,,,,,
DTM,Utilities,0.0767,1069,56.44,,,,,,,
DUK,Utilities,-0.4796,2102,14.31,,,,,,,
DUOL,Information Technology,-0.1286,1608,34.46,,,,,,,
DUOT,Information Technology,-0.593,2194,10.56,,,,,,,
DV,Information Technology,0.2082,731,70.23,,,,,,,
DVA,Health Care,-0.0025,1287,47.55,,,,,,,
DVN,Energy,-0.0905,1523,37.93,,,,,,,
DX,Real Estate,0.0023,1273,48.12,,,,,,,
DXC,Information Technology,0.2724,573,76.67,,,,,,,
DXCM,Health Care,0.5046,242,90.17,,,,,,,
DXPE,Industrials,0.1682,835,65.99,,,,,,,
DXYZ,,0.0626,1116,54.53,,,,,,,
DY,Industrials,-0.218,1768,27.94,,,,,,,
DYN,Health Care,-0.629,2221,9.46,,,,,,,
E,Energy,0.4988,246,90.01,,,,,,,
EAT,Consumer Discretionary,0.7421,114,95.39,,,,,,,
EBAY,,0.2435,642,73.86,,,,,,,
EBC,Financials,-0.083,1502,38.78,,,,,,,
EBS,Health Care,-0.6204,2215,9.71,,,,,,,
ECAT,,-0.2218,1778,27.53,,,,,,,
ECL,Consumer Staples,-0.1157,1574,35.85,,,,,,,
ECO,Industrials,2.127,15,99.43,,,,,,,
ECPG,Financials,0.5007,244,90.09,,,,,,,
ECVT,Materials,0.0508,1153,53.02,,,,,,,
ED,Utilities,-0.2753,1865,23.98,,,,,,,
EDU,,-0.0185,1326,45.96,,,,,,,
EE,Utilities,0.4758,273,88.91,,,,,,,
EEFT,Financials,-0.1216,1589,35.24,,,,,,,
EFC,Real Estate,-0.1281,1604,34.62,,,,,,,
EFOR,,-0.4946,2120,13.58,,,,,,,
EFSC,Financials,-0.2249,1786,27.2,,,,,,,
EFX,,-0.0391,1377,43.88,,,,,,,
EFXT,Industrials,1.0359,51,97.96,,,,,,,
EG,Financials,0.0246,1219,50.33,,,,,,,
EGBN,Financials,-0.0552,1425,41.92,,,,,,,
EGO,Materials,0.7536,108,95.64,,,,,,,
EGP,Real Estate,0.0937,1023,58.32,,,,,,,
EGY,Energy,0.2163,711,71.04,,,,,,,
EHC,Health Care,0.0877,1037,57.75,,,,,,,
EIG,Financials,-0.0806,1497,38.99,,,,,,,
EIKN,Health Care,,,,,,,,,,new_issue
EIX,Utilities,0.2823,555,77.41,,,,,,,
EL,Consumer Staples,-0.0335,1362,44.49,,,,,,,
ELAN,Health Care,-0.0538,1422,42.05,,,,,,,
ELE,Materials,0.2205,701,71.45,,,,,,,
ELF,Consumer Staples,-0.2523,1829,25.45,,,,,,,
ELMT,Industrials,,,,,,,,,,new_issue
ELS,Real Estate,-0.2978,1894,22.8,,,,,,,
ELV,Financials,-0.0986,1541,37.19,,,,,,,
ELVN,Health Care,0.1172,969,60.52,,,,,,,
EMA,Utilities,-0.3184,1925,21.53,,,,,,,
EMBJ,Industrials,-0.0464,1400,42.94,,,,,,,
EME,Industrials,0.3317,472,80.79,,,,,,,
EMN,Materials,0.0969,1015,58.65,,,,,,,
EMR,Industrials,-0.0177,1324,46.04,,,,,,,
ENB,Industrials,-0.4271,2044,16.68,,,,,,,
ENLT,Utilities,2.8167,8,99.71,,,,,,,
ENOV,Health Care,-0.3548,1968,19.78,,,,,,,
ENPH,Information Technology,-0.4966,2121,13.54,,,,,,,
ENR,Industrials,0.0924,1024,58.28,,,,,,,
ENS,Industrials,0.691,132,94.66,,,,,,,
ENSG,Health Care,0.3348,466,81.04,,,,,,,
ENTG,Materials,0.2193,704,71.33,,,,,,,
ENVA,Financials,0.9827,61,97.55,,,,,,,
EOG,Energy,0.5897,182,92.62,,,,,,,
EOLS,Health Care,0.4931,252,89.76,,,,,,,
EPAC,Industrials,0.1259,935,61.91,,,,,,,
EPAM,Information Technology,0.0094,1260,48.65,,,,,,,
EPC,Consumer Staples,-0.1961,1742,29.0,,,,,,,
EPD,Utilities,0.0315,1198,51.18,,,,,,,
EPR,Real Estate,-0.1055,1558,36.5,,,,,,,
EPRT,Real Estate,-0.0775,1487,39.4,,,,,,,
EQBK,Financials,-0.2074,1756,28.43,,,,,,,
EQH,Financials,-0.0248,1349,45.02,,,,,,,
EQIX,Real Estate,0.3361,463,81.16,,,,,,,
EQNR,Energy,0.7668,105,95.76,,,,,,,
EQPT,,,,,,,,,,,new_issue
EQT,Energy,0.0313,1200,51.1,,,,,,,
EQX,Materials,0.0514,1150,53.14,,,,,,,
ERAS,Health Care,0.7442,112,95.47,58.0,2026-08-12T22:37:14.066407+00:00,1.6396,3,,,
ERIE,Financials,-0.1596,1671,31.89,,,,,,,
ERII,Industrials,-0.2687,1854,24.43,,,,,,,
ERO,Materials,1.5296,27,98.94,,,,,,,
EROC,Industrials,,,,,,,,,,new_issue
EROK,Financials,,,,,,,,,,new_issue
ES,Utilities,-0.2632,1847,24.71,,,,,,,
ESAB,Industrials,-0.6096,2205,10.11,,,,,,,
ESE,Information Technology,0.1837,790,67.82,,,,,,,
ESI,Materials,0.2888,544,77.85,,,,,,,
ESLT,Industrials,0.3799,393,84.01,,,,,,,
ESNT,Financials,0.247,629,74.39,,,,,,,
ESQ,Financials,-0.0798,1493,39.15,,,,,,,
ESS,Real Estate,-0.2344,1800,26.63,,,,,,,
ESTA,Health Care,-0.5269,2147,12.48,,,,,,,
ESTC,Information Technology,-0.1828,1710,30.3,,,,,,,
ETD,Consumer Discretionary,-0.2192,1771,27.81,,,,,,,
ETN,Industrials,-0.3593,1977,19.41,,,,,,,
ETON,Health Care,0.8026,96,96.13,,,,,,,
ETR,Utilities,-0.1443,1642,33.08,,,,,,,
ETSY,,0.1066,996,59.42,,,,,,,
EVC,Communication Services,1.0237,52,97.92,,,,,,,
EVER,Information Technology,-0.2546,1837,25.12,,,,,,,
EVMN,Health Care,,,,,,,,,,new_issue
EVR,Financials,0.2363,663,73.0,,,,,,,
EVRG,Utilities,-0.2292,1793,26.92,,,,,,,
EVTC,Information Technology,-0.3848,2005,18.27,,,,,,,
EW,Health Care,-0.0298,1355,44.78,,,,,,,
EWBC,Financials,0.2029,741,69.82,,,,,,,
EWTX,Health Care,-0.0403,1379,43.8,,,,,,,
EXC,Utilities,-0.4583,2078,15.29,,,,,,,
EXE,Energy,0.2002,748,69.54,,,,,,,
EXEL,Health Care,0.5592,200,91.88,,,,,,,
EXK,Materials,0.3631,419,82.95,,,,,,,
EXLS,,-0.7805,2307,5.95,,,,,,,
EXP,Materials,-0.1666,1685,31.32,,,,,,,
EXPD,Industrials,0.4456,308,87.48,,,,,,,
EXPE,Industrials,1.1883,37,98.53,66.0,2026-08-10T22:39:07.126063+00:00,0.9653,19,0.2405,441,
EXPO,Industrials,0.2177,707,71.21,,,,,,,
EXR,Real Estate,-0.052,1416,42.29,,,,,,,
EXTR,Information Technology,0.1143,976,60.24,,,,,,,
EYE,Health Care,-0.1754,1697,30.83,,,,,,,
EZPW,Consumer Discretionary,0.2503,625,74.55,,,,,,,
F,Consumer Discretionary,-0.0491,1412,42.46,,,,,,,
FA,Information Technology,0.1136,981,60.03,,,,,,,
FAF,Financials,0.096,1017,58.56,,,,,,,
FANG,Energy,0.4206,338,86.26,,,,,,,
FAST,Consumer Discretionary,-0.0247,1348,45.07,,,,,,,
FBIN,Materials,-0.3065,1909,22.19,,,,,,,
FBK,Financials,0.1188,963,60.77,,,,,,,
FBNC,Financials,0.131,916,62.68,,,,,,,
FBP,Financials,0.341,451,81.65,,,,,,,
FBRT,Real Estate,-0.1519,1658,32.42,,,,,,,
FCEL,Industrials,-0.0615,1444,41.15,,,,,,,
FCF,Financials,0.219,705,71.29,,,,,,,
FCFS,Consumer Discretionary,0.4834,262,89.36,,,,,,,
FCN,Industrials,-0.0321,1358,44.66,,,,,,,
FCNCA,Financials,-0.1414,1635,33.36,,,,,,,
FCPT,Real Estate,-0.1852,1719,29.93,,,,,,,
FCX,Materials,0.4065,358,85.44,,,,,,,
FDMT,Health Care,-0.556,2167,11.66,41.0,2026-08-14T21:07:03.756437+00:00,,,6.8874,4,
FDS,Information Technology,-0.0529,1420,42.13,,,,,,,
FDUS,,-0.633,2226,9.26,,,,,,,
FDX,Industrials,0.3468,440,82.1,,,,,,,
FDXF,Industrials,,,,,,,,,,insufficient_history
FE,Utilities,-0.3259,1936,21.08,,,,,,,
FEIM,Industrials,-0.0891,1517,38.17,,,,,,,
FELE,Industrials,-0.3189,1927,21.45,,,,,,,
FER,Industrials,-0.3746,1996,18.64,,,,,,,
FERG,Industrials,0.0153,1241,49.43,,,,,,,
FET,Industrials,2.6919,9,99.67,,,,,,,
FFBC,Financials,-0.0046,1300,47.02,,,,,,,
FFIN,Financials,-0.02,1331,45.76,,,,,,,
FFIV,Information Technology,0.1576,850,65.38,,,,,,,
FG,Financials,-0.0762,1481,39.64,,,,,,,
FHB,Financials,0.0162,1239,49.51,,,,,,,
FHI,Financials,-0.0075,1304,46.86,,,,,,,
FHN,Financials,0.0689,1092,55.51,,,,,,,
FIBK,Financials,0.215,713,70.96,,,,,,,
FICO,,0.1113,985,59.87,,,,,,,
FIGS,Consumer Discretionary,0.7895,100,95.96,,,,,,,
FIS,,0.0198,1226,50.04,,,,,,,
FISI,Financials,0.1745,819,66.64,,,,,,,
FISV,,-0.2871,1879,23.41,,,,,,,
FITB,Financials,-0.2403,1815,26.02,,,,,,,
FIVE,Consumer Discretionary,0.5167,234,90.5,,,,,,,
FIVN,Information Technology,0.1222,951,61.26,,,,,,,
FIX,Industrials,0.7211,121,95.11,,,,,,,
FIZZ,Consumer Staples,0.1403,889,63.78,,,,,,,
FLEX,Information Technology,0.2504,624,74.59,,,,,,,
FLG,Financials,-0.1464,1649,32.79,,,,,,,
FLGT,Health Care,-0.5431,2160,11.95,,,,,,,
FLNC,Industrials,-1.0256,2366,3.55,,,,,,,
FLNG,Industrials,0.136,904,63.17,,,,,,,
FLO,Consumer Staples,-0.148,1651,32.71,,,,,,,
FLR,Industrials,-0.6818,2252,8.2,,,,,,,
FLS,Industrials,0.0806,1056,56.97,,,,,,,
FLUT,Information Technology,-0.7489,2289,6.69,,,,,,,
FLYW,,0.1799,800,67.41,,,,,,,
FMBH,Financials,0.0543,1143,53.43,,,,,,,
FMC,Materials,-1.7299,2447,0.24,,,,,,,
FMNB,Financials,-0.1669,1686,31.28,,,,,,,
FMX,Consumer Staples,0.0315,1197,51.22,,,,,,,
FN,Information Technology,0.0977,1012,58.77,,,,,,,
FNB,Financials,0.1077,994,59.5,,,,,,,
FND,Consumer Discretionary,0.1031,1001,59.22,,,,,,,
FNF,Financials,-0.0821,1500,38.87,,,,,,,
FNKO,Consumer Discretionary,0.4277,330,86.58,,,,,,,
FNV,Materials,0.0056,1265,48.45,,,,,,,
FORM,Information Technology,0.7828,101,95.92,,,,,,,
FOUR,,-0.2593,1843,24.88,,,,,,,
FOX,Communication Services,-0.176,1698,30.79,,,,,,,
FOXA,Communication Services,-0.1721,1695,30.91,,,,,,,
FOXF,Industrials,-0.4706,2092,14.72,,,,,,,
FPI,Real Estate,,,,,,1.0685,17,,,
FPS,Industrials,,,,,,,,,,new_issue
FR,Real Estate,0.0366,1185,51.71,,,,,,,
FRHC,Financials,-0.4746,2098,14.48,,,,,,,
FRME,Financials,-0.3597,1979,19.33,,,,,,,
FRO,Industrials,1.1148,40,98.41,,,,,,,
FROG,Information Technology,0.4422,315,87.19,,,,,,,
FRPT,Consumer Staples,0.0723,1079,56.04,,,,,,,
FRSH,Information Technology,0.1529,860,64.97,,,,,,,
FRT,Real Estate,-0.0742,1476,39.85,,,,,,,
FRVO,Utilities,,,,,,,,,,new_issue
FSBC,Financials,0.1253,938,61.79,,,,,,,
FSK,,0.0411,1173,52.2,,,,,,,
FSLR,Information Technology,0.1292,921,62.48,,,,,,,
FSLY,Information Technology,0.6657,148,94.0,,,,,,,
FSM,Materials,0.3673,411,83.28,,,,,,,
FSS,Consumer Discretionary,0.0704,1083,55.87,,,,,,,
FSSL,,,,,,,,,,,new_issue
FSUN,Financials,-0.6393,2233,8.97,,,,,,,
FSV,Real Estate,-0.9719,2359,3.83,,,,,,,
FTAI,,-0.1971,1744,28.92,,,,,,,
FTDR,,0.6842,138,94.41,,,,,,,
FTH,Health Care,-0.6305,2222,9.42,,,,,,,
FTI,Industrials,0.5442,213,91.35,,,,,,,
FTK,Materials,-0.152,1659,32.38,,,,,,,
FTNT,Information Technology,1.0678,46,98.16,,,,,,,
FTRE,Health Care,0.3121,510,79.24,,,,,,,
FTS,Utilities,-0.2437,1821,25.77,,,,,,,
FTV,Industrials,-0.0414,1383,43.64,,,,,,,
FUBO,Communication Services,-1.2744,2420,1.35,,,,,,,
FUL,Materials,0.0427,1170,52.32,,,,,,,
FULT,Financials,-0.0016,1283,47.72,,,,,,,
FUN,Consumer Discretionary,-0.8139,2317,5.55,,,,,,,
FVRR,,-1.5118,2436,0.69,,,,,,,
FWDI,Financials,-1.7769,2449,0.16,,,,,,,
FWONA,Communication Services,0.1309,918,62.6,,,,,,,
FWONK,Communication Services,0.125,940,61.7,,,,,,,
FWRD,Industrials,0.041,1175,52.12,,,,,,,
FWRG,Consumer Discretionary,-0.131,1616,34.14,,,,,,,
G,Industrials,0.4156,342,86.09,,,,,,,
GABC,Financials,0.1009,1006,59.01,,,,,,,
GAP,Consumer Discretionary,0.5447,212,91.39,,,,,,,
GATX,Industrials,0.0293,1205,50.9,,,,,,,
GBCI,Financials,0.1592,845,65.58,,,,,,,
GBDC,,0.0297,1203,50.98,,,,,,,
GBTG,Industrials,-0.2233,1782,27.37,,,,,,,
GBX,Industrials,-0.2793,1869,23.82,,,,,,,
GCMG,Financials,1.1061,41,98.37,,,,,,,
GCO,Consumer Discretionary,0.281,558,77.28,,,,,,,
GCT,Consumer Discretionary,0.6566,152,93.84,,,,,,,
GD,Industrials,-0.1418,1639,33.2,,,,,,,
GDDY,Information Technology,0.9752,63,97.47,57.0,2026-08-10T22:38:02.082948+00:00,1.5875,5,,,
GDYN,Information Technology,-0.2322,1795,26.84,,,,,,,
GE,Industrials,0.1333,912,62.85,,,,,,,
GEF,Industrials,0.3718,405,83.52,,,,,,,
GEF-B,Industrials,0.9837,60,97.59,,,,,,,
GEHC,Health Care,-0.5311,2150,12.36,,,,,,,
GEN,Information Technology,0.4123,350,85.77,,,,,,,
GENB,Health Care,,,,,,,,,,new_issue
GENI,Consumer Discretionary,-1.2999,2423,1.22,,,,,,,
GEO,Industrials,0.0866,1041,57.59,,,,,,,
GEV,Industrials,0.1983,753,69.33,,,,,,,
GFF,Industrials,0.5825,187,92.41,,,,,,,
GFL,Utilities,-0.723,2279,7.1,,,,,,,
GFS,Information Technology,0.1914,768,68.72,,,,,,,
GGG,Industrials,0.1978,755,69.25,,,,,,,
GH,Health Care,1.0044,57,97.72,,,,,,,
GHC,,0.036,1186,51.67,,,,,,,
GHM,Industrials,-0.2676,1851,24.55,,,,,,,
GIB,Industrials,-0.8863,2334,4.85,,,,,,,
GIII,Consumer Discretionary,0.2366,662,73.04,,,,,,,
GIL,Consumer Discretionary,-0.6011,2198,10.4,,,,,,,
GILD,Health Care,0.1278,927,62.23,,,,,,,
GILT,Information Technology,-0.7661,2306,6.0,,,,,,,
GIS,Consumer Staples,-0.3298,1939,20.96,,,,,,,
GKOS,Health Care,0.4455,309,87.44,,,,,,,
GL,Financials,0.2888,545,77.81,,,,,,,
GLBE,Information Technology,-0.4272,2045,16.64,,,,,,,
GLNG,Industrials,-0.0548,1423,42.01,,,,,,,
GLOB,Information Technology,-1.1372,2393,2.45,,,,,,,
GLPI,Real Estate,0.1517,865,64.76,,,,,,,
GLUE,Health Care,-0.1842,1716,30.06,,,,,,,
GLW,Materials,0.2277,686,72.06,,,,,,,
GM,Consumer Discretionary,0.0279,1211,50.65,,,,,,,
GME,Consumer Discretionary,-0.0774,1486,39.44,,,,,,,
GMED,Health Care,0.0552,1138,53.63,,,,,,,
GMRS,Industrials,,,,,,,,,,new_issue
GMTL,Materials,,,,,,,,,,new_issue
GNK,Industrials,0.0489,1158,52.81,,,,,,,
GNL,Real Estate,0.0567,1133,53.83,,,,,,,
GNRC,Industrials,0.2416,649,73.57,,,,,,,
GNTX,Consumer Discretionary,0.1933,765,68.84,,,,,,,
GNW,Financials,-0.1051,1556,36.58,,,,,,,
GO,Consumer Staples,-0.6176,2213,9.79,,,,,,,
GOF,,-0.9522,2352,4.12,,,,,,,
GOLD,Industrials,0.6964,131,94.7,,,,,,,
GOLF,Consumer Discretionary,0.3217,490,80.06,,,,,,,
GOOG,Information Technology,0.086,1044,57.46,,,,,,,
GOOGL,Information Technology,0.0899,1031,57.99,,,,,,,
GOOS,Consumer Discretionary,-1.2637,2418,1.43,,,,,,,
GPC,Industrials,-0.2275,1791,27.0,,,,,,,
GPGI,Financials,-1.1933,2401,2.12,,,,,,,
GPI,Consumer Discretionary,-0.2542,1835,25.2,,,,,,,
GPK,Materials,-0.2873,1880,23.37,,,,,,,
GPN,,-0.3922,2018,17.74,,,,,,,
GPOR,Energy,0.3319,471,80.83,,,,,,,
GPRE,Materials,0.482,264,89.27,,,,,,,
GRAL,Health Care,-0.1634,1678,31.61,,,,,,,
GRBK,Industrials,-0.2503,1827,25.53,,,,,,,
GRC,Industrials,0.3337,469,80.91,,,,,,,
GRDN,Consumer Staples,0.1441,880,64.15,,,,,,,
GRMN,Industrials,-0.0736,1472,40.01,,,,,,,
GRND,Information Technology,-0.4434,2063,15.91,,,,,,,
GRPN,Communication Services,0.6223,166,93.27,,,,,,,
GRRR,Information Technology,-0.8825,2333,4.89,,,,,,,
GS,Financials,0.3421,448,81.77,,,,,,,
GSAT,Communication Services,0.2028,742,69.78,,,,,,,
GSBC,Financials,-0.1048,1555,36.62,,,,,,,
GSBD,,-0.1293,1609,34.42,,,,,,,
GSHD,Financials,-0.0329,1361,44.54,,,,,,,
GSL,Industrials,0.362,421,82.87,,,,,,,
GT,Materials,-0.8402,2324,5.26,,,,,,,
GTES,Industrials,0.2902,540,78.02,,,,,,,
GTLB,Information Technology,0.0106,1254,48.9,,,,,,,
GTX,Consumer Discretionary,1.3508,28,98.9,,,,,,,
GTY,Real Estate,0.1373,900,63.34,,,,,,,
GVA,Industrials,-0.5143,2136,12.93,,,,,,,
GWRE,Information Technology,-0.406,2029,17.29,,,,,,,
GWW,Industrials,0.2847,554,77.45,,,,,,,
GXO,Industrials,-0.1673,1687,31.24,,,,,,,
H,Consumer Discretionary,0.0165,1236,49.63,,,,,,,
HAE,Health Care,0.4108,352,85.69,,,,,,,
HAFC,Financials,0.272,574,76.63,,,,,,,
HAFN,Industrials,0.2298,680,72.31,,,,,,,
HAL,Energy,0.122,952,61.22,,,,,,,
HALO,Health Care,1.2173,35,98.61,68.0,2026-08-10T22:37:16.080962+00:00,1.4224,9,,,
HAS,Consumer Discretionary,0.4122,351,85.73,,,,,,,
HASI,Financials,0.5255,229,90.7,51.0,2026-08-27T22:37:08.841002+00:00,1.1859,14,0.2067,483,
HAWK,Information Technology,,,,,,,,,,new_issue
HAYW,Industrials,-0.5406,2158,12.03,,,,,,,
HBAN,Financials,-0.5014,2124,13.42,,,,,,,
HBCP,Financials,0.0451,1165,52.53,,,,,,,
HBM,Materials,1.5838,24,99.06,,,,,,,
HBNC,Financials,-0.3868,2008,18.15,,,,,,,
HCA,Health Care,-0.4609,2084,15.05,,,,,,,
HCC,Energy,0.2469,630,74.35,,,,,,,
HCI,Financials,0.1739,820,66.6,,,,,,,
HCSG,Health Care,0.4635,288,88.3,,,,,,,
HD,Consumer Discretionary,0.3531,435,82.3,,,,,,,
HDB,Financials,-1.1297,2391,2.53,,,,,,,
HE,Utilities,-0.0322,1359,44.62,,,,,,,
HEI,Industrials,0.4106,353,85.64,,,,,,,
HEI-A,Industrials,0.4514,304,87.64,,,,,,,
HELE,Industrials,-0.0621,1445,41.11,,,,,,,
HELP,Health Care,1.8293,18,99.31,,,,,,,
HESM,Energy,0.5805,189,92.33,,,,,,,
HFWA,Financials,-0.0756,1480,39.68,,,,,,,
HG,Financials,-0.1106,1565,36.22,,,,,,,
HGV,Consumer Discretionary,-0.0842,1505,38.66,,,,,,,
HHH,Real Estate,-0.1918,1732,29.4,,,,,,,
HIG,Financials,0.4348,322,86.91,,,,,,,
HII,Industrials,0.0709,1081,55.95,,,,,,,
HIMS,Health Care,-0.978,2362,3.71,,,,,,,
HIPO,Financials,-0.047,1403,42.82,,,,,,,
HIW,Real Estate,-0.3601,1981,19.25,,,,,,,
HL,Materials,0.5589,201,91.84,,,,,,,
HLF,Industrials,-0.1415,1638,33.24,,,,,,,
HLI,Financials,-0.0629,1448,40.99,,,,,,,
HLIO,Industrials,0.2757,565,77.0,,,,,,,
HLIT,Information Technology,-0.082,1499,38.91,,,,,,,
HLMN,Industrials,-0.0224,1341,45.35,,,,,,,
HLNE,Financials,-0.3004,1900,22.55,,,,,,,
HLT,Consumer Discretionary,0.0448,1166,52.49,,,,,,,
HLX,Energy,,,,,,,,,,new_issue
HMC,Consumer Discretionary,-0.6337,2228,9.18,,,,,,,
HMH,Industrials,,,,,,,,,,new_issue
HMN,Financials,0.2621,596,75.73,,,,,,,
HMY,Materials,0.0898,1033,57.91,,,,,,,
HNI,Consumer Discretionary,-0.7465,2287,6.77,,,,,,,
HNRG,Utilities,-0.3619,1984,19.13,,,,,,,
HNST,Consumer Discretionary,0.6629,149,93.96,,,,,,,
HOG,Industrials,-0.0919,1530,37.64,,,,,,,
HOMB,Financials,-0.1044,1552,36.75,,,,,,,
HON,Industrials,0.44,317,87.11,,,,,,,
HOOD,Financials,-0.4104,2032,17.17,,,,,,,
HOPE,Financials,0.2608,601,75.53,,,,,,,
HOV,Industrials,0.1227,948,61.38,,,,,,,
HP,Energy,0.4498,306,87.56,,,,,,,
HPE,Information Technology,0.4775,270,89.03,,,,,,,
HPP,Real Estate,-0.9575,2353,4.08,,,,,,,
HPQ,Information Technology,-0.6587,2243,8.56,,,,,,,
HQ,Information Technology,,,,,,,,,,new_issue
HQY,,0.1309,917,62.64,,,,,,,
HR,Real Estate,0.0373,1181,51.88,,,,,,,
HRB,Consumer Discretionary,0.9531,71,97.15,50.0,2026-08-17T22:40:09.228055+00:00,1.5115,6,,,
HRI,,0.1754,811,66.97,,,,,,,
HRL,Consumer Staples,-0.4662,2090,14.8,,,,,,,
HRMY,Health Care,0.5328,218,91.15,,,,,,,
HROW,Health Care,-1.112,2388,2.65,,,,,,,
HRTG,Financials,0.5735,193,92.17,,,,,,,
HSBC,Financials,0.5122,235,90.46,,,,,,,
HSIC,Industrials,0.1009,1005,59.05,,,,,,,
HSLV,Materials,,,,,,,,,,insufficient_history
HST,Real Estate,0.1586,847,65.5,,,,,,,
HSTM,Information Technology,0.1882,775,68.43,,,,,,,
HSY,Consumer Staples,0.5237,231,90.62,,,,,,,
HTB,Financials,-0.0379,1375,43.96,,,,,,,
HTGC,,-0.0398,1378,43.84,,,,,,,
HTH,Financials,-0.0378,1373,44.05,,,,,,,
HTLD,Industrials,0.2369,661,73.08,,,,,,,
HTO,Utilities,0.1491,874,64.4,,,,,,,
HUBB,Information Technology,-0.3203,1928,21.41,,,,,,,
HUBG,Industrials,-0.2073,1755,28.47,,,,,,,
HUBS,Information Technology,0.2401,654,73.37,,,,,,,
HUM,Financials,0.4429,313,87.28,,,,,,,
HUN,Materials,-0.4462,2065,15.82,,,,,,,
HURN,Industrials,-0.3425,1955,20.31,,,,,,,
HUT,Financials,-1.0313,2369,3.43,,,,,,,
HWC,Financials,0.0642,1110,54.77,,,,,,,
HWKN,Industrials,-0.1638,1680,31.53,,,,,,,
HWM,Materials,0.3246,485,80.26,,,,,,,
HXL,Materials,-0.1157,1575,35.81,,,,,,,
HYMC,Materials,-0.1493,1654,32.59,,,,,,,
HYT,,-0.5794,2182,11.05,,,,,,,
HZO,Consumer Discretionary,0.4901,257,89.56,,,,,,,
IAG,Materials,1.0531,50,98.0,,,,,,,
IART,Health Care,0.1178,968,60.56,,,,,,,
IBCP,Financials,0.0837,1050,57.22,,,,,,,
IBKR,Financials,-0.037,1370,44.17,,,,,,,
IBM,Information Technology,-0.049,1411,42.5,,,,,,,
IBN,Financials,-0.552,2165,11.75,,,,,,,
IBOC,Financials,-0.1529,1662,32.26,,,,,,,
IBP,Industrials,-0.0287,1353,44.86,,,,,,,
IBRX,Health Care,0.9783,62,97.51,57.0,2026-08-10T22:41:41.750648+00:00,,,2.7292,17,
IBTA,Communication Services,0.4842,261,89.4,,,,,,,
ICE,Financials,-0.1199,1585,35.4,,,,,,,
ICFI,Industrials,0.0698,1087,55.71,,,,,,,
ICHR,Information Technology,0.5047,241,90.21,,,,,,,
ICL,Materials,-0.628,2219,9.54,,,,,,,
ICLR,Health Care,-0.2822,1873,23.65,,,,,,,
ICUI,Health Care,-0.0485,1410,42.54,,,,,,,
IDA,Utilities,-0.3247,1932,21.25,,,,,,,
IDCC,Financials,-0.0549,1424,41.97,,,,,,,
IDR,Materials,-0.4257,2041,16.8,,,,,,,
IDT,Communication Services,-0.2863,1878,23.45,,,,,,,
IDXX,Health Care,0.3435,445,81.89,,,,,,,
IDYA,Health Care,-0.2588,1841,24.96,,,,,,,
IE,Materials,-0.7521,2294,6.48,,,,,,,
IESC,Industrials,0.4365,321,86.95,,,,,,,
IEX,Industrials,0.1075,995,59.46,,,,,,,
IFF,Materials,-0.12,1586,35.36,,,,,,,
IFS,Financials,0.244,637,74.06,,,,,,,
IHS,Communication Services,-0.0654,1452,40.82,,,,,,,
IIIN,Materials,-0.4841,2107,14.11,,,,,,,
IIIV,Information Technology,-0.4039,2026,17.41,,,,,,,
IIPR,Real Estate,0.211,725,70.47,,,,,,,
ILMN,Health Care,0.3606,425,82.71,,,,,,,
IMAX,,0.3372,460,81.28,,,,,,,
IMKTA,Consumer Staples,0.0547,1142,53.47,,,,,,,
IMMX,Health Care,-0.4709,2093,14.68,,,,,,,
IMNM,Health Care,-0.3059,1907,22.27,,,,,,,
IMO,Energy,0.2692,579,76.43,,,,,,,
IMVT,Health Care,0.091,1027,58.16,,,,,,,
INBX,Health Care,1.0627,47,98.12,,,,,,,
INCY,Health Care,0.4579,292,88.13,,,,,,,
INDB,Financials,0.0652,1107,54.89,,,,,,,
INDV,Health Care,-0.4733,2095,14.6,,,,,,,
INFQ,Information Technology,,,,,,,,,,new_issue
ING,Financials,0.3092,513,79.12,,,,,,,
INGR,Consumer Staples,-0.2339,1799,26.67,,,,,,,
INIO,Industrials,,,,,,,,,,new_issue
INMD,Health Care,-0.5202,2142,12.68,,,,,,,
INN,Real Estate,-0.1323,1618,34.05,,,,,,,
INOD,Information Technology,0.0314,1199,51.14,,,,,,,
INSM,Health Care,-0.2885,1881,23.33,,,,,,,
INSP,Health Care,-0.1152,1573,35.89,,,,,,,
INSW,Industrials,0.5704,194,92.13,,,,,,,
INTA,Information Technology,0.078,1065,56.61,,,,,,,
INTC,Information Technology,0.4056,362,85.28,,,,,,,
INTR,Financials,-1.2474,2412,1.67,,,,,,,
INTU,Information Technology,0.318,495,79.85,,,,,,,
INVA,Health Care,-0.5964,2195,10.52,,,,,,,
INVH,Real Estate,0.1642,838,65.86,,,,,,,
INVX,Industrials,0.146,878,64.23,,,,,,,
IONQ,Information Technology,-1.5603,2442,0.45,,,,,,,
IONS,Health Care,-1.0503,2374,3.22,,,,,,,
IOSP,Materials,0.2139,717,70.8,,,,,,,
IOT,Information Technology,0.1407,886,63.91,,,,,,,
IOVA,Health Care,0.6787,142,94.25,,,,,,,
IP,Materials,-0.3101,1912,22.06,,,,,,,
IPAR,Consumer Staples,0.0644,1109,54.81,,,,,,,
IPGP,Information Technology,-0.2077,1757,28.38,,,,,,,
IPI,Materials,0.2711,575,76.59,,,,,,,
IQV,Health Care,0.3095,512,79.16,,,,,,,
IR,Industrials,0.1572,851,65.33,,,,,,,
IRDM,Communication Services,0.5679,197,92.01,,,,,,,
IREN,Financials,-1.0268,2368,3.47,,,,,,,
IRM,Real Estate,0.0692,1091,55.55,,,,,,,
IRMD,Health Care,-0.1515,1657,32.46,,,,,,,
IRON,Health Care,-0.3553,1969,19.74,,,,,,,
IRT,Real Estate,-0.1784,1703,30.59,,,,,,,
IRTC,Health Care,-0.1414,1636,33.32,,,,,,,
ISRG,Health Care,0.2617,597,75.69,,,,,,,
IT,Industrials,-0.5223,2143,12.64,,,,,,,
ITGR,Health Care,-0.1406,1634,33.4,,,,,,,
ITIC,Financials,0.118,967,60.6,,,,,,,
ITRI,Industrials,-0.1607,1674,31.77,,,,,,,
ITRN,Industrials,0.5737,192,92.21,,,,,,,
ITT,Industrials,-0.7653,2305,6.04,,,,,,,
ITW,Industrials,0.0133,1248,49.14,,,,,,,
IVR,Real Estate,0.1843,787,67.94,,,,,,,
IVT,Real Estate,-0.39,2015,17.86,,,,,,,
IVZ,Financials,0.4182,340,86.17,,,,,,,
J,Industrials,-0.1648,1681,31.48,,,,,,,
JACK,Consumer Discretionary,0.1517,864,64.8,,,,,,,
JAN,Real Estate,,,,,,,,,,new_issue
JANX,Health Care,-0.2935,1887,23.08,,,,,,,
JAZZ,Health Care,0.5899,181,92.66,,,,,,,
JBGS,Real Estate,-1.0537,2378,3.06,,,,,,,
JBHT,Industrials,0.6251,163,93.39,,,,,,,
JBIO,Health Care,-0.4061,2030,17.25,,,,,,,
JBL,Information Technology,0.1472,875,64.36,,,,,,,
JBSS,Consumer Staples,0.1658,837,65.91,,,,,,,
JBTM,Industrials,-0.2148,1763,28.14,,,,,,,
JCI,Industrials,0.1596,843,65.66,,,,,,,
JEF,Financials,-0.2986,1897,22.68,,,,,,,
JHX,Materials,0.0736,1075,56.2,,,,,,,
JJSF,Consumer Staples,-0.1693,1689,31.16,,,,,,,
JKHY,Information Technology,0.3445,443,81.97,,,,,,,
JLL,Real Estate,0.3877,389,84.18,,,,,,,
JNJ,Health Care,0.1163,972,60.4,,,,,,,
JOBY,Industrials,-0.9626,2354,4.04,38.0,2026-08-10T22:40:40.543920+00:00,,,5.6399,8,
JOE,Real Estate,0.2912,538,78.1,,,,,,,
JPM,Financials,0.1919,767,68.76,,,,,,,
JXN,Financials,-0.0667,1454,40.74,,,,,,,
KAI,Industrials,0.0583,1128,54.04,,,,,,,
KALU,Materials,0.618,169,93.15,,,,,,,
KARD,Health Care,,,,,,,,,,new_issue
KARO,Information Technology,-0.1693,1690,31.12,,,,,,,
KB,Financials,0.388,388,84.22,,,,,,,
KBH,Industrials,-0.3022,1903,22.43,,,,,,,
KBR,Industrials,-0.0167,1319,46.25,,,,,,,
KD,Information Technology,-0.7516,2293,6.53,,,,,,,
KDP,Consumer Staples,-0.6023,2199,10.36,,,,,,,
KEP,Utilities,-0.6692,2247,8.4,,,,,,,
KEX,Industrials,0.1934,764,68.88,,,,,,,
KEY,Financials,0.0204,1225,50.08,,,,,,,
KEYS,Industrials,0.3262,481,80.42,,,,,,,
KFRC,,0.2853,551,77.57,,,,,,,
KFY,,0.055,1139,53.59,,,,,,,
KGC,Materials,0.2145,714,70.92,,,,,,,
KGS,Utilities,0.1374,899,63.38,,,,,,,
KHC,Consumer Staples,-0.1458,1645,32.95,,,,,,,
KIM,Real Estate,-0.006,1301,46.98,,,,,,,
KKR,Financials,-0.2389,1810,26.22,,,,,,,
KLAC,Industrials,0.2133,718,70.76,,,,,,,
KLIC,Information Technology,0.1078,993,59.54,,,,,,,
KLRA,Health Care,,,,,,,,,,new_issue
KMB,Materials,0.2594,602,75.49,,,,,,,
KMI,Utilities,0.2312,675,72.51,,,,,,,
KMPR,Financials,-1.1677,2397,2.28,,,,,,,
KMT,Industrials,0.1842,788,67.9,,,,,,,
KMX,Consumer Discretionary,-0.2954,1891,22.92,,,,,,,
KN,Industrials,0.3762,397,83.85,,,,,,,
KNF,Materials,-0.1359,1623,33.85,,,,,,,
KNSA,Health Care,1.6864,23,99.1,,,,,,,
KNSL,Financials,0.3885,386,84.3,,,,,,,
KNTK,Utilities,0.1984,752,69.37,,,,,,,
KNX,Industrials,0.9621,65,97.39,,,,,,,
KO,Consumer Staples,0.1983,754,69.29,,,,,,,
KOD,Health Care,0.0874,1038,57.71,,,,,,,
KODK,,0.6274,161,93.47,,,,,,,
KOP,Materials,-0.2579,1840,25.0,,,,,,,
KR,Consumer Staples,0.1234,946,61.46,,,,,,,
KRC,Real Estate,-0.7125,2272,7.38,,,,,,,
KREF,Real Estate,-1.1437,2394,2.41,,,,,,,
KRG,Real Estate,0.1508,868,64.64,,,,,,,
KRT,Materials,0.7044,128,94.82,,,,,,,
KRUS,Consumer Discretionary,-0.2748,1863,24.06,,,,,,,
KRYS,Health Care,0.2119,722,70.6,,,,,,,
KSS,Consumer Discretionary,0.1752,813,66.88,,,,,,,
KT,Communication Services,-0.5015,2125,13.38,,,,,,,
KTB,Consumer Discretionary,0.1265,932,62.03,,,,,,,
KTOS,Industrials,-0.6041,2201,10.28,,,,,,,
KURA,Health Care,-0.5647,2171,11.5,,,,,,,
KVUE,Consumer Staples,0.0283,1209,50.73,,,,,,,
KVYO,Information Technology,0.0816,1055,57.01,,,,,,,
KWR,Energy,0.1751,815,66.8,,,,,,,
KYMR,Health Care,0.1787,802,67.33,,,,,,,
KYTX,Health Care,-1.0937,2385,2.77,,,,,,,
L,Financials,0.0782,1064,56.65,,,,,,,
LAD,Consumer Discretionary,-0.0034,1292,47.35,,,,,,,
LADR,Real Estate,-0.4292,2049,16.48,,,,,,,
LAMR,Real Estate,0.1842,789,67.86,,,,,,,
LAND,Real Estate,-0.1777,1700,30.71,,,,,,,
LAR,Materials,1.2577,31,98.78,,,,,,,
LASR,Information Technology,-0.0579,1432,41.64,,,,,,,
LAUR,,0.205,739,69.9,,,,,,,
LAZ,Financials,-0.87,2331,4.98,,,,,,,
LB,Financials,0.2514,620,74.76,,,,,,,
LBRT,Energy,-0.2189,1770,27.85,,,,,,,
LBTYA,Communication Services,0.2817,556,77.37,,,,,,,
LBTYK,Communication Services,0.2685,583,76.26,,,,,,,
LCII,Consumer Discretionary,0.2321,672,72.63,,,,,,,
LCLN,Financials,,,,,,,,,,new_issue
LDOS,Information Technology,-0.0294,1354,44.82,,,,,,,
LEA,Consumer Discretionary,0.2696,577,76.51,,,,,,,
LECO,Industrials,0.1747,818,66.68,,,,,,,
LEN,Industrials,-1.0644,2380,2.98,,,,,,,
LEN-B,Industrials,-1.0159,2365,3.59,,,,,,,
LEU,Materials,-0.8144,2318,5.51,,,,,,,
LEVI,Consumer Discretionary,0.3156,499,79.69,,,,,,,
LFST,Health Care,0.4526,301,87.77,,,,,,,
LFTO,Information Technology,,,,,,,,,,new_issue
LFUS,Industrials,0.6497,154,93.76,,,,,,,
LGIH,Industrials,0.4936,251,89.8,,,,,,,
LGND,Health Care,-0.3736,1994,18.72,,,,,,,
LH,Health Care,0.2231,696,71.66,,,,,,,
LHX,Industrials,0.1595,844,65.62,,,,,,,
LIF,Information Technology,-0.5135,2135,12.97,,,,,,,
LIFE,Financials,,,,,,,,,,new_issue
LII,Industrials,-0.9631,2355,4.0,,,,,,,
LILAK,Communication Services,0.2497,627,74.47,,,,,,,
LILAP,Communication Services,,,,,,,,,,insufficient_history
LIN,Materials,0.1765,806,67.17,,,,,,,
LINC,,0.1142,977,60.2,,,,,,,
LIND,Industrials,0.5851,185,92.5,,,,,,,
LINE,Real Estate,-0.1285,1606,34.54,,,,,,,
LION,Communication Services,0.1751,814,66.84,,,,,,,
LITE,Information Technology,0.4241,333,86.46,70.0,2026-08-18T22:39:06.682902+00:00,1.6311,4,1.5653,46,
LIVN,Health Care,0.1196,960,60.89,,,,,,,
LKFN,Financials,-0.0241,1346,45.15,,,,,,,
LKQ,Industrials,-0.2212,1777,27.57,,,,,,,
LLY,Health Care,0.2462,631,74.31,,,,,,,
LLYVA,Consumer Discretionary,0.528,226,90.82,,,,,,,
LLYVK,Consumer Discretionary,0.5324,219,91.11,,,,,,,
LMAT,Health Care,0.133,914,62.77,,,,,,,
LMB,Industrials,-0.3548,1967,19.82,,,,,,,
LMND,Financials,-0.2489,1825,25.61,,,,,,,
LMRI,Health Care,,,,,,,,,,new_issue
LMT,Industrials,0.5399,215,91.27,,,,,,,
LNC,Financials,0.2343,666,72.88,,,,,,,
LNG,Utilities,0.2863,550,77.61,,,,,,,
LNN,Industrials,-0.1296,1610,34.38,,,,,,,
LNT,Utilities,-0.3582,1974,19.54,,,,,,,
LNTH,Health Care,0.2398,655,73.33,,,,,,,
LOAR,Industrials,-0.384,2004,18.31,,,,,,,
LOB,Financials,-0.0405,1381,43.72,,,,,,,
LOGI,Information Technology,0.3317,474,80.71,,,,,,,
LOPE,,0.1291,922,62.44,,,,,,,
LOW,Consumer Discretionary,-0.4811,2105,14.19,,,,,,,
LPG,Industrials,0.3885,387,84.26,,,,,,,
LPLA,Financials,-0.1615,1676,31.69,,,,,,,
LPTH,Information Technology,-0.2331,1797,26.75,,,,,,,
LPX,Materials,-0.135,1622,33.89,,,,,,,
LQDA,Health Care,0.8082,94,96.21,70.0,2026-08-14T21:06:57.708664+00:00,0.7383,48,8.146,1,
LQDT,,0.5644,199,91.92,,,,,,,
LRCX,Industrials,0.2807,559,77.24,,,,,,,
LRN,,-0.1086,1564,36.26,,,,,,,
LSCC,Information Technology,0.4395,319,87.03,,,,,,,
LSPD,Information Technology,-0.7622,2303,6.12,,,,,,,
LSTR,Industrials,0.4427,314,87.23,,,,,,,
LTBR,Materials,-1.1686,2398,2.24,,,,,,,
LTC,Real Estate,-0.0527,1418,42.21,,,,,,,
LTH,Consumer Discretionary,0.3359,464,81.12,,,,,,,
LULU,Consumer Discretionary,0.0299,1202,51.02,,,,,,,
LUMN,Communication Services,0.1849,785,68.03,,,,,,,
LUNR,Industrials,-0.9694,2358,3.87,,,,,,,
LUV,Industrials,0.0655,1106,54.93,,,,,,,
LVS,Consumer Discretionary,0.6065,174,92.94,,,,,,,
LW,Consumer Staples,-0.0142,1316,46.37,,,,,,,
LWLG,Materials,-0.6795,2251,8.24,,,,,,,
LXP,Real Estate,-0.1873,1724,29.73,,,,,,,
LXU,Materials,0.0954,1018,58.52,,,,,,,
LYB,Materials,0.0746,1073,56.28,,,,,,,
LYFT,,-0.1195,1583,35.48,,,,,,,
LYTS,Industrials,-0.7573,2300,6.24,,,,,,,
LYV,Consumer Discretionary,0.5979,178,92.78,,,,,,,
LZ,Information Technology,0.5825,186,92.46,,,,,,,
LZB,Consumer Discretionary,-0.3359,1943,20.8,,,,,,,
M,Consumer Discretionary,0.4076,356,85.52,,,,,,,
MA,,0.9564,67,97.31,,,,,,,
MAA,Real Estate,-0.5535,2166,11.7,,,,,,,
MAC,Real Estate,-0.039,1376,43.92,,,,,,,
MAIN,,-0.4595,2082,15.13,,,,,,,
MAIR,Industrials,,,,,,,,,,new_issue
MAMA,Consumer Staples,-0.6416,2234,8.93,,,,,,,
MAN,,0.5317,221,91.03,,,,,,,
MANE,Health Care,,,,,,,,,,new_issue
MANH,Information Technology,0.8188,91,96.33,,,,,,,
MANU,Consumer Discretionary,0.4984,247,89.97,,,,,,,
MAR,Consumer Discretionary,-0.1719,1694,30.95,,,,,,,
MARA,Financials,-1.0953,2387,2.69,,,,,,,
MAS,Industrials,-0.4293,2050,16.44,,,,,,,
MAT,Consumer Discretionary,-0.0379,1374,44.0,,,,,,,
MATW,Materials,-0.613,2208,9.99,,,,,,,
MATX,Industrials,0.4622,290,88.21,,,,,,,
MAX,,0.413,347,85.89,,,,,,,
MBC,Consumer Discretionary,-0.8785,2332,4.93,,,,,,,
MBIN,Financials,0.2315,674,72.55,,,,,,,
MBLY,Information Technology,-0.3499,1962,20.02,,,,,,,
MBUU,Industrials,-0.3603,1983,19.17,,,,,,,
MBWM,Financials,0.1158,973,60.36,,,,,,,
MBX,Health Care,0.0681,1098,55.26,,,,,,,
MC,Financials,0.5069,239,90.29,,,,,,,
MCB,Financials,-0.1039,1550,36.83,,,,,,,
MCD,Consumer Discretionary,-0.5849,2188,10.81,,,,,,,
MCHB,Financials,-0.2832,1875,23.57,,,,,,,
MCHP,Information Technology,0.0683,1096,55.34,,,,,,,
MCK,Industrials,-0.5199,2141,12.72,,,,,,,
MCO,,0.6789,141,94.29,,,,,,,
MCRI,Consumer Discretionary,-0.1196,1584,35.44,,,,,,,
MCS,Communication Services,0.4939,250,89.85,,,,,,,
MCY,Financials,0.3454,442,82.01,,,,,,,
MD,Health Care,0.2272,687,72.02,,,,,,,
MDA,Industrials,,,,,,,,,,insufficient_history
MDB,Information Technology,0.5258,228,90.74,,,,,,,
MDGL,Health Care,-0.3123,1916,21.9,,,,,,,
MDLN,Health Care,,,,,,,,,,new_issue
MDLZ,Consumer Staples,-0.4943,2119,13.62,,,,,,,
MDT,Health Care,0.2011,746,69.62,,,,,,,
MDU,Materials,-0.0418,1385,43.56,,,,,,,
MEC,Industrials,-0.2346,1801,26.59,,,,,,,
MEDP,Health Care,0.8546,84,96.62,70.0,2026-08-10T22:39:39.247748+00:00,0.9091,24,0.0411,730,
MEI,Information Technology,0.0531,1144,53.38,,,,,,,
MELI,,0.0296,1204,50.94,,,,,,,
MEOH,Materials,0.3639,418,82.99,,,,,,,
MET,Financials,-0.017,1321,46.17,,,,,,,
META,Information Technology,-0.1705,1693,31.0,,,,,,,
METC,Energy,-1.0795,2382,2.9,,,,,,,
MFA,Real Estate,0.1088,990,59.67,,,,,,,
MFC,Financials,0.2943,535,78.22,,,,,,,
MFG,Financials,0.489,259,89.48,,,,,,,
MGA,Consumer Discretionary,0.354,434,82.34,,,,,,,
MGEE,Utilities,-0.5891,2191,10.69,,,,,,,
MGM,Consumer Discretionary,0.2725,571,76.75,,,,,,,
MGNI,Information Technology,-0.0021,1285,47.63,,,,,,,
MGRC,,-0.0728,1468,40.17,,,,,,,
MGTX,Health Care,-0.6261,2218,9.58,55.0,2026-08-14T21:07:11.563974+00:00,,,5.1764,9,
MGY,Energy,1.1553,38,98.49,52.0,2026-08-10T22:37:34.068723+00:00,1.8513,2,,,
MHK,Consumer Discretionary,0.018,1232,49.8,,,,,,,
MHO,Industrials,-0.2834,1876,23.53,,,,,,,
MICC,Consumer Staples,,,,,,,,,,new_issue
MIDD,Industrials,-0.0314,1357,44.7,,,,,,,
MIR,Health Care,-0.2137,1762,28.18,,,,,,,
MIRM,Health Care,0.6893,136,94.49,,,,,,,
MITK,Information Technology,0.4711,280,88.62,,,,,,,
MKC,Consumer Staples,-0.7561,2298,6.32,,,,,,,
MKL,Financials,0.0684,1094,55.42,,,,,,,
MKSI,Industrials,0.2756,566,76.96,,,,,,,
MKTX,Financials,-0.2711,1856,24.35,,,,,,,
MLAB,Industrials,0.2411,652,73.45,,,,,,,
MLI,Materials,-0.2647,1848,24.67,,,,,,,
MLKN,Consumer Discretionary,0.2849,553,77.49,,,,,,,
MLM,Materials,-0.2407,1816,25.98,,,,,,,
MLTX,Health Care,-1.0416,2371,3.34,,,,,,,
MLYS,Health Care,-0.8598,2329,5.06,,,,,,,
MMED,Health Care,,,,,,,,,,new_issue
MMM,Health Care,0.3741,401,83.69,,,,,,,
MMS,,0.0462,1161,52.69,,,,,,,
MMSI,Health Care,0.0494,1157,52.85,,,,,,,
MMYT,Industrials,-1.2493,2414,1.59,,,,,,,
MNDY,Information Technology,-1.5118,2437,0.65,,,,,,,
MNPR,Health Care,-0.8899,2337,4.73,,,,,,,
MNRO,,-0.0727,1467,40.21,,,,,,,
MNST,Consumer Staples,0.7294,120,95.15,,,,,,,
MO,Consumer Staples,-0.617,2212,9.83,,,,,,,
MOD,Consumer Discretionary,-0.0043,1298,47.1,,,,,,,
MOG-A,Industrials,0.6716,144,94.17,,,,,,,
MOH,Financials,-0.3894,2014,17.9,,,,,,,
MORN,Financials,0.1801,799,67.46,,,,,,,
MOS,Materials,-0.6502,2237,8.81,,,,,,,
MOV,,0.4472,307,87.52,,,,,,,
MP,Materials,-0.4858,2112,13.91,,,,,,,
MPC,Energy,0.7522,109,95.6,,,,,,,
MPLT,Health Care,,,,,,,,,,new_issue
MPTI,Information Technology,-0.7979,2313,5.71,,,,,,,
MPWR,Information Technology,0.3139,505,79.45,,,,,,,
MQ,Information Technology,-0.0005,1279,47.88,,,,,,,
MRAM,Information Technology,0.0513,1151,53.1,,,,,,,
MRCY,Information Technology,0.0045,1267,48.37,,,,,,,
MRK,Health Care,0.1947,762,68.96,,,,,,,
MRNA,Health Care,0.654,153,93.8,,,1.0801,16,2.6502,18,
MRSH,Financials,-0.3935,2019,17.7,,,,,,,
MRTN,Industrials,0.0113,1251,49.02,,,,,,,
MRVI,Health Care,0.8408,87,96.49,,,,,,,
MRVL,Information Technology,0.3126,509,79.28,,,,,,,
MRX,Financials,1.7441,21,99.18,,,,,,,
MS,Financials,0.3374,458,81.36,,,,,,,
MSA,Health Care,0.393,379,84.58,,,,,,,
MSCI,,-0.0792,1490,39.27,,,,,,,
MSDL,,-0.3155,1921,21.7,,,,,,,
MSEX,Utilities,0.1186,964,60.73,,,,,,,
MSFT,Information Technology,0.1695,831,66.15,,,,,,,
MSGE,Consumer Discretionary,0.9234,75,96.98,,,,,,,
MSGS,Consumer Discretionary,0.0109,1253,48.94,,,,,,,
MSI,Information Technology,0.1602,841,65.74,,,,,,,
MSM,Industrials,0.2411,651,73.49,,,,,,,
MSTR,Financials,-0.2885,1882,23.29,,,,,,,
MT,Materials,1.5538,26,98.98,,,,,,,
MTB,Financials,0.1895,773,68.52,,,,,,,
MTCH,Information Technology,0.0099,1258,48.74,,,,,,,
MTD,Health Care,0.7742,102,95.88,53.0,2026-08-10T22:38:49.050064+00:00,1.4251,8,0.4477,276,
MTDR,Energy,0.5078,238,90.33,,,,,,,
MTG,Financials,0.2095,730,70.27,,,,,,,
MTH,Industrials,-0.0916,1527,37.77,,,,,,,
MTN,Consumer Discretionary,-0.3979,2021,17.62,,,,,,,
MTRN,Industrials,0.3339,468,80.95,,,,,,,
MTSI,Information Technology,0.2526,616,74.92,,,,,,,
MTUS,Materials,-0.1592,1670,31.93,,,,,,,
MTW,Industrials,0.3238,486,80.22,,,,,,,
MTX,Materials,-0.3389,1948,20.6,,,,,,,
MTZ,Industrials,0.1828,793,67.7,,,,,,,
MU,Information Technology,3.7259,2,99.96,77.0,2026-08-10T22:37:28.839197+00:00,1.3408,12,2.0356,28,
MUFG,Financials,0.2439,638,74.02,,,,,,,
MUR,Energy,0.4821,263,89.31,,,,,,,
MUSA,Consumer Discretionary,0.6048,176,92.86,,,,,,,
MUX,Materials,-0.0669,1455,40.7,,,,,,,
MWA,Industrials,0.2132,719,70.72,,,,,,,
MWH,Industrials,,,,,,,,,,new_issue
MXL,Information Technology,0.772,103,95.84,,,,,,,
MYE,Materials,0.4555,296,87.97,,,,,,,
MYRG,Industrials,0.3786,395,83.93,,,,,,,
MZTI,Consumer Staples,-0.224,1783,27.32,,,,,,,
NAD,,-0.3814,2001,18.43,,,,,,,
NAMS,Health Care,-0.286,1877,23.49,,,,,,,
NAT,Industrials,1.5838,25,99.02,,,,,,,
NATL,Information Technology,0.1257,937,61.83,,,,,,,
NAVI,Financials,-0.3625,1986,19.05,,,,,,,
NAVN,Information Technology,,,,,,,,,,new_issue
NBBK,Financials,0.0845,1048,57.3,,,,,,,
NBHC,Financials,-0.4383,2057,16.15,,,,,,,
NBIS,Information Technology,,,,70.0,2026-08-10T22:40:46.528854+00:00,,,2.2692,21,
NBIX,Health Care,-0.0768,1484,39.52,,,,,,,
NBR,Energy,0.879,78,96.86,,,,,,,
NBTB,Financials,0.3141,504,79.49,,,,,,,
NCLH,Industrials,0.2422,647,73.65,,,,,,,
NCNO,Information Technology,0.2609,600,75.57,,,,,,,
NDAQ,Financials,0.0397,1177,52.04,,,,,,,
NDSN,Industrials,0.2948,534,78.26,,,,,,,
NE,Energy,0.1023,1002,59.18,,,,,,,
NEA,,-0.3981,2022,17.58,,,,,,,
NEE,Utilities,-0.21,1759,28.3,,,,,,,
NEM,Materials,0.3138,506,79.4,,,,,,,
NEO,Industrials,-0.1046,1554,36.66,,,,,,,
NEOG,Health Care,0.1592,846,65.54,,,,,,,
NESR,Energy,1.0106,55,97.8,,,,,,,
NET,Information Technology,-0.2723,1858,24.27,,,,,,,
NEU,Materials,0.1937,763,68.92,,,,,,,
NEXA,Materials,3.448,7,99.76,,,,,,,
NEXT,Utilities,-0.3467,1960,20.11,,,,,,,
NFG,Utilities,-0.6924,2262,7.79,,,,,,,
NFLX,Communication Services,-0.4607,2083,15.09,,,,,,,
NG,Materials,-0.1189,1581,35.56,,,,,,,
NGNE,Health Care,-0.2905,1885,23.16,,,,,,,
NGVT,Materials,0.6906,134,94.58,,,,,,,
NHC,Health Care,0.3745,398,83.81,,,,,,,
NHI,Real Estate,0.2199,702,71.41,,,,,,,
NHIC,Financials,,,,,,,,,,new_issue
NHP,Real Estate,,,,,,,,,,new_issue
NI,Utilities,-0.2738,1861,24.14,,,,,,,
NIC,Financials,-0.275,1864,24.02,,,,,,,
NJR,Utilities,0.1277,928,62.19,,,,,,,
NKE,Materials,-0.3383,1946,20.68,,,,,,,
NKTR,Health Care,-1.2595,2416,1.51,,,,,,,
NLY,Real Estate,0.2283,684,72.15,,,,,,,
NMIH,Financials,0.3745,399,83.77,,,,,,,
NMRK,Real Estate,0.0851,1045,57.42,,,,,,,
NMZ,,-0.462,2086,14.97,,,,,,,
NN,Industrials,-0.1802,1705,30.51,,,,,,,
NNE,Utilities,-1.092,2384,2.81,,,,,,,
NNI,Financials,-0.4588,2080,15.21,,,,,,,
NNN,Real Estate,-0.1042,1551,36.79,,,,,,,
NOC,Industrials,-0.0958,1537,37.36,,,,,,,
NOG,Energy,0.0359,1187,51.63,,,,,,,
NOMD,Consumer Staples,-0.5598,2169,11.58,,,,,,,
NOV,Industrials,0.5363,217,91.19,,,,,,,
NOVT,Industrials,-0.0451,1394,43.19,,,,,,,
NOW,Information Technology,-0.3258,1935,21.13,,,,,,,
NP,Financials,,,,,,,,,,new_issue
NPK,Industrials,-0.4082,2031,17.21,,,,,,,
NPKI,,0.0757,1071,56.36,,,,,,,
NPO,Materials,-0.0377,1372,44.09,,,,,,,
NRDS,Information Technology,0.5177,233,90.54,,,,,,,
NRG,Utilities,-0.4316,2052,16.35,,,,,,,
NRIX,Health Care,-0.1529,1663,32.22,,,,,,,
NSC,Industrials,-0.0311,1356,44.74,,,,,,,
NSIT,Consumer Discretionary,0.0819,1053,57.1,,,,,,,
NSP,,-0.0748,1479,39.72,,,,,,,
NSSC,Information Technology,-0.3809,1999,18.52,,,,,,,
NTAP,Information Technology,0.6107,173,92.99,,,,,,,
NTB,Financials,0.1523,862,64.89,,,,,,,
NTCT,Information Technology,0.122,953,61.17,,,,,,,
NTGR,Information Technology,-0.3518,1963,19.98,,,,,,,
NTLA,Health Care,-0.7206,2277,7.18,,,,,,,
NTNX,Information Technology,0.0553,1137,53.67,,,,,,,
NTR,Materials,-0.0183,1325,46.0,,,,,,,
NTRA,Health Care,0.2624,593,75.86,,,,,,,
NTRS,Financials,0.1148,975,60.28,,,,,,,
NTST,Real Estate,-0.1498,1655,32.54,,,,,,,
NU,Financials,-0.6157,2211,9.87,,,,,,,
NUAI,Energy,-0.2528,1832,25.33,,,,,,,
NUE,Materials,0.3443,444,81.93,,,,,,,
NUTX,,0.8673,82,96.7,,,,,,,
NUVB,Health Care,-0.2177,1766,28.02,,,,,,,
NVAX,Health Care,0.4547,298,87.89,,,,,,,
NVCR,Health Care,0.2077,733,70.15,,,,,,,
NVDA,Information Technology,-0.5225,2144,12.6,,,,,,,
NVEC,Information Technology,0.397,372,84.87,,,,,,,
NVG,,-0.3839,2003,18.35,,,,,,,
NVGS,Industrials,0.4704,281,88.58,,,,,,,
NVMI,Industrials,-0.1599,1672,31.85,,,,,,,
NVO,Health Care,-0.8101,2316,5.59,,,,,,,
NVR,Industrials,-0.2887,1883,23.25,,,,,,,
NVRI,Utilities,-0.1487,1652,32.67,,,,,,,
NVS,Health Care,0.0796,1059,56.85,,,,,,,
NVST,Health Care,-0.004,1296,47.19,,,,,,,
NVT,Industrials,0.1399,892,63.66,,,,,,,
NVTS,Information Technology,-0.6785,2250,8.28,,,,,,,
NWBI,Financials,0.0052,1266,48.41,,,,,,,
NWE,Utilities,-0.013,1313,46.49,,,,,,,
NWL,Materials,-0.1982,1745,28.87,,,,,,,
NWN,Utilities,-0.0219,1337,45.51,,,,,,,
NWPX,Materials,0.6907,133,94.62,,,,,,,
NWS,Communication Services,-0.0794,1491,39.23,,,,,,,
NWSA,Communication Services,-0.074,1475,39.89,,,,,,,
NX,Materials,0.3559,431,82.46,,,,,,,
NXE,Materials,-0.0035,1293,47.31,,,,,,,
NXG,,-0.0172,1323,46.08,,,,,,,
NXPI,Information Technology,-0.5308,2149,12.4,,,,,,,
NXRT,Real Estate,-0.3731,1993,18.76,,,,,,,
NXST,Communication Services,-0.2578,1839,25.04,,,,,,,
NXT,Information Technology,-0.0801,1496,39.03,,,,,,,
NYT,Communication Services,0.2964,531,78.38,,,,,,,
NZF,,-0.4118,2033,17.13,,,,,,,
O,Real Estate,0.0685,1093,55.46,,,,,,,
OBDC,,0.0372,1182,51.84,,,,,,,
OBE,Energy,0.7171,122,95.07,,,,,,,
OBK,Financials,0.33,476,80.63,,,,,,,
OC,Materials,-0.0413,1382,43.68,,,,,,,
OCFC,Financials,-0.7389,2285,6.85,,,,,,,
OCSL,,-0.1204,1588,35.28,,,,,,,
OCTV,Information Technology,,,,,,,,,,insufficient_history
OCUL,Health Care,-0.6841,2255,8.08,,,,,,,
ODC,Consumer Discretionary,0.366,413,83.2,,,,,,,
ODD,Consumer Staples,-1.5118,2438,0.61,,,,,,,
ODFL,Industrials,0.1895,772,68.56,,,,,,,
ODTX,Health Care,,,,,,,,,,new_issue
OFG,Financials,0.3651,415,83.12,,,,,,,
OFRM,Consumer Staples,,,,,,,,,,new_issue
OGC,Materials,0.4624,289,88.25,,,,,,,
OGE,Utilities,-0.395,2020,17.66,,,,,,,
OGN,Health Care,0.0794,1061,56.77,,,,,,,
OGS,Utilities,0.1559,855,65.17,,,,,,,
OHI,Real Estate,0.4233,334,86.42,,,,,,,
OI,Materials,-1.135,2392,2.49,,,,,,,
OII,Energy,0.5513,207,91.6,,,,,,,
OKE,Utilities,0.1339,908,63.01,,,,,,,
OKLO,Utilities,-1.412,2432,0.86,,,,,,,
OKTA,Information Technology,0.3396,456,81.44,,,,,,,
OLED,Information Technology,-0.282,1872,23.69,,,,,,,
OLLI,Consumer Discretionary,0.197,757,69.17,,,,,,,
OLMA,Health Care,-0.851,2327,5.14,,,,,,,
OLN,Materials,-0.4405,2061,15.99,,,,,,,
OMC,Communication Services,-0.1898,1728,29.57,,,,,,,
OMCL,Information Technology,0.2962,532,78.34,,,,,,,
OMER,Health Care,-0.2685,1853,24.47,58.0,2026-08-14T04:07:07.154782+00:00,,,2.6502,19,
OMF,Financials,-0.2794,1870,23.78,,,,,,,
ON,Information Technology,0.1235,945,61.5,,,,,,,
ONB,Financials,-0.161,1675,31.73,,,,,,,
ONDS,Information Technology,-1.2824,2421,1.31,52.0,2026-08-14T21:07:20.215569+00:00,,,2.7565,16,
ONON,Materials,-1.1924,2400,2.16,,,,,,,
ONT,Industrials,-0.3696,1990,18.88,,,,,,,
ONTO,Health Care,0.1251,939,61.75,,,,,,,
OOMA,Information Technology,0.1402,890,63.74,,,,,,,
OPCH,Health Care,-0.7527,2295,6.44,,,,,,,
OPLN,Consumer Discretionary,0.0889,1034,57.87,,,,,,,
OPY,Financials,-0.1044,1553,36.7,,,,,,,
OR,Materials,-0.4328,2054,16.27,,,,,,,
ORA,Utilities,-0.2007,1747,28.79,,,,,,,
ORC,Real Estate,-0.3255,1934,21.17,,,,,,,
ORCL,Information Technology,-0.0474,1405,42.74,,,,,,,
ORI,Financials,0.1951,760,69.05,,,,,,,
ORIC,Health Care,-0.2408,1817,25.94,,,,,,,
ORKA,Health Care,-0.4403,2059,16.07,,,,,,,
ORLY,Consumer Discretionary,-0.6938,2264,7.71,,,,,,,
OSBC,Financials,0.0606,1123,54.24,,,,,,,
OSCR,Financials,0.9553,69,97.23,,,,,,,
OSIS,Information Technology,0.099,1010,58.85,,,,,,,
OSK,Consumer Discretionary,-0.072,1465,40.29,,,,,,,
OSPN,Information Technology,-0.1187,1579,35.64,,,,,,,
OSS,Information Technology,-0.6688,2246,8.44,,,,,,,
OSW,Consumer Discretionary,0.0145,1242,49.39,,,,,,,
OTEX,Information Technology,0.0886,1035,57.83,,,,,,,
OTIS,Industrials,-0.1811,1708,30.38,,,,,,,
OTTR,Utilities,-0.339,1949,20.55,,,,,,,
OUST,Industrials,-0.4405,2060,16.03,,,,,,,
OUT,Real Estate,0.2661,586,76.14,,,,,,,
OVV,Energy,0.5019,243,90.13,,,,,,,
OWL,Financials,0.2758,564,77.04,,,,,,,
OXLC,,-0.9938,2363,3.67,,,,,,,
OXM,Consumer Discretionary,0.1128,984,59.91,,,,,,,
OXY,Energy,0.4646,284,88.46,,,,,,,
OZK,,-0.5088,2132,13.09,,,,,,,
P,Information Technology,0.0262,1215,50.49,,,,,,,
PAAS,Materials,0.3412,450,81.69,,,,,,,
PAC,Industrials,-0.755,2297,6.36,,,,,,,
PACS,Health Care,0.8073,95,96.17,,,,,,,
PAG,Consumer Discretionary,0.0346,1189,51.55,,,,,,,
PAGP,Industrials,0.5309,222,90.99,,,,,,,
PAGS,Information Technology,-0.715,2273,7.34,,,,,,,
PAHC,Health Care,-0.1464,1648,32.83,,,,,,,
PAM,Utilities,-0.1064,1560,36.42,,,,,,,
PANW,Information Technology,-0.2622,1845,24.8,,,,,,,
PAR,Information Technology,-0.5709,2176,11.3,,,,,,,
PARR,Energy,0.6715,145,94.13,,,,,,,
PATH,Information Technology,-0.0075,1303,46.9,,,,,,,
PATK,Consumer Discretionary,-0.043,1390,43.35,,,,,,,
PAX,Financials,-0.844,2326,5.18,,,,,,,
PAY,,0.5818,188,92.37,,,,,,,
PAYC,Information Technology,0.2691,580,76.39,,,,,,,
PAYO,,-0.2992,1898,22.63,,,,,,,
PAYS,,0.8908,77,96.9,,,,,,,
PAYX,Industrials,0.3202,493,79.93,,,,,,,
PB,Financials,0.0678,1100,55.18,,,,,,,
PBA,Energy,-0.0894,1518,38.13,,,,,,,
PBF,Energy,0.4801,268,89.11,,,,,,,
PBH,Health Care,-0.4977,2123,13.46,,,,,,,
PBI,Information Technology,0.2429,646,73.69,,,,,,,
PBLS,Health Care,,,,,,,,,,new_issue
PBR,Energy,0.1876,778,68.31,,,,,,,
PCAR,Consumer Discretionary,0.0786,1063,56.69,,,,,,,
PCG,Utilities,0.1195,961,60.85,,,,,,,
PCOR,Information Technology,0.1977,756,69.21,,,,,,,
PCRX,Health Care,0.1568,853,65.25,,,,,,,
PCT,Materials,-1.2634,2417,1.47,,,,,,,
PCTY,Information Technology,0.2393,658,73.21,,,,,,,
PCVX,Health Care,-0.449,2071,15.58,,,,,,,
PD,Information Technology,0.0867,1040,57.63,,,,,,,
PDFS,Information Technology,0.0767,1068,56.48,,,,,,,
PDI,,-0.7119,2270,7.46,,,,,,,
PDM,Real Estate,-0.3167,1923,21.62,,,,,,,
PDO,,-0.5056,2126,13.34,,,,,,,
PDS,Energy,0.3744,400,83.73,,,,,,,
PEB,Real Estate,0.0774,1066,56.57,,,,,,,
PEBO,Financials,0.2124,721,70.64,,,,,,,
PECO,Real Estate,0.3217,489,80.1,,,,,,,
PEG,Utilities,-0.1777,1701,30.67,,,,,,,
PEGA,Information Technology,0.1686,833,66.07,,,,,,,
PEN,Health Care,-0.0796,1492,39.19,,,,,,,
PENG,Information Technology,0.2554,611,75.12,,,,,,,
PENN,Consumer Discretionary,-0.7508,2291,6.61,,,,,,,
PEP,Consumer Staples,0.2985,528,78.51,,,,,,,
PESI,Utilities,-0.2323,1796,26.79,,,,,,,
PFE,Health Care,-0.1373,1625,33.77,,,,,,,
PFG,Financials,0.2436,641,73.9,,,,,,,
PFGC,Industrials,-0.2262,1790,27.04,,,,,,,
PFLT,,-0.226,1789,27.08,,,,,,,
PFS,Financials,0.0597,1126,54.12,,,,,,,
PFSI,Financials,-0.5704,2175,11.34,,,,,,,
PG,Consumer Staples,-0.0561,1429,41.76,,,,,,,
PGC,Financials,0.3607,424,82.75,,,,,,,
PGEN,Health Care,-0.3103,1913,22.02,,,,,,,
PGNY,Health Care,0.6355,159,93.56,,,,,,,
PGR,Financials,0.1165,971,60.44,,,,,,,
PGY,Financials,-0.1286,1607,34.5,,,,,,,
PH,Industrials,0.0613,1118,54.45,,,,,,,
PHAT,Health Care,-0.0856,1510,38.46,,,,,,,
PHG,Health Care,-0.474,2096,14.56,,,,,,,
PHIN,Consumer Discretionary,0.0515,1149,53.18,,,,,,,
PHM,Industrials,-0.2149,1764,28.1,,,,,,,
PHR,,-0.2975,1893,22.84,,,,,,,
PHVS,Health Care,0.4444,311,87.36,,,,,,,
PI,Information Technology,0.0241,1220,50.29,,,,,,,
PICS,Financials,,,,,,,,,,new_issue
PII,Industrials,-0.2392,1812,26.14,,,,,,,
PINS,Information Technology,0.1241,943,61.58,,,,,,,
PIPR,Financials,-0.1081,1563,36.3,,,,,,,
PJT,Financials,0.8138,92,96.29,,,,,,,
PK,Consumer Discretionary,0.0617,1117,54.49,,,,,,,
PKE,Industrials,0.1394,895,63.54,,,,,,,
PKG,Materials,-0.1399,1630,33.56,,,,,,,
PL,Information Technology,-0.0433,1392,43.27,,,,,,,
PLAB,Information Technology,0.1857,782,68.15,,,,,,,
PLAY,Consumer Discretionary,-1.3877,2429,0.98,,,,,,,
PLD,Real Estate,0.0292,1206,50.86,,,,,,,
PLGO,Financials,-0.0643,1450,40.91,,,,,,,
PLMR,Financials,0.0899,1032,57.95,,,,,,,
PLNT,Consumer Discretionary,-0.4426,2062,15.95,,,,,,,
PLOW,Industrials,0.0101,1257,48.78,,,,,,,
PLPC,Industrials,0.3696,407,83.44,,,,,,,
PLSE,Health Care,0.3062,517,78.96,,,,,,,
PLTR,Information Technology,0.0874,1039,57.67,,,,,,,
PLUS,Industrials,-0.2671,1850,24.59,,,,,,,
PLXS,Information Technology,-0.0355,1366,44.33,,,,,,,
PM,Consumer Staples,-0.5258,2145,12.56,,,,,,,
PMT,Real Estate,-0.1878,1725,29.69,,,,,,,
PNC,Financials,0.3629,420,82.91,,,,,,,
PNFP,Financials,-0.1833,1713,30.18,,,,,,,
PNR,Industrials,-1.2952,2422,1.26,,,,,,,
PNRG,Energy,0.5551,203,91.76,,,,,,,
PNTG,Health Care,0.1787,803,67.29,,,,,,,
PNW,Utilities,-0.1414,1637,33.28,,,,,,,
PODD,Health Care,-0.0242,1347,45.11,,,,,,,
POET,Information Technology,0.109,989,59.71,,,,,,,
POOL,Industrials,-1.2246,2408,1.84,,,,,,,
POR,Utilities,0.0252,1216,50.45,,,,,,,
POST,Consumer Staples,-0.1634,1679,31.57,,,,,,,
POWI,Information Technology,0.2458,632,74.27,,,,,,,
POWL,Industrials,-0.0627,1446,41.07,,,,,,,
PPC,Consumer Staples,-0.2054,1752,28.59,,,,,,,
PPG,Materials,-0.3064,1908,22.23,,,,,,,
PPL,Utilities,-0.5507,2162,11.87,,,,,,,
PPLI,Information Technology,0.0247,1217,50.41,,,,,,,
PPTA,Materials,-0.7512,2292,6.57,,,,,,,
PR,Energy,0.6591,151,93.88,,,,,,,
PRAA,Financials,-0.7267,2281,7.01,,,,,,,
PRAX,Health Care,-0.3539,1966,19.86,57.0,2026-08-11T22:38:13.909945+00:00,0.7172,53,2.1437,23,
PRCH,Information Technology,0.408,354,85.6,,,,,,,
PRCT,Health Care,-0.6941,2265,7.67,,,,,,,
PRDO,,0.1571,852,65.29,,,,,,,
PRG,,0.1053,999,59.3,,,,,,,
PRGO,Health Care,-0.4579,2077,15.33,,,,,,,
PRGS,Information Technology,0.2131,720,70.68,,,,,,,
PRI,Financials,0.1079,992,59.58,,,,,,,
PRIM,Industrials,-0.5803,2183,11.01,,,,,,,
PRK,Financials,-0.0083,1305,46.82,,,,,,,
PRKS,Consumer Discretionary,-0.0503,1415,42.33,,,,,,,
PRLB,Industrials,0.327,479,80.51,,,,,,,
PRM,Materials,-0.3891,2012,17.99,,,,,,,
PRMB,Consumer Staples,-0.0879,1515,38.25,,,,,,,
PRSU,Consumer Discretionary,0.1423,883,64.03,,,,,,,
PRU,Financials,0.1282,926,62.28,,,,,,,
PRVA,Health Care,0.0631,1113,54.65,,,,,,,
PS,Financials,,,,,,,,,,new_issue
PSA,Real Estate,0.2238,694,71.74,,,,,,,
PSIX,Industrials,-0.4159,2038,16.92,,,,,,,
PSKY,Communication Services,-0.2397,1814,26.06,,,,,,,
PSMT,Consumer Discretionary,0.2327,668,72.8,,,,,,,
PSN,Information Technology,-1.2593,2415,1.55,,,,,,,
PSNL,Health Care,0.0141,1244,49.31,,,,,,,
PSO,Communication Services,-0.1191,1582,35.52,,,,,,,
PSTL,Real Estate,0.0702,1085,55.79,,,,,,,
PSUS,,,,,,,,,,,new_issue
PSX,Energy,0.526,227,90.78,,,,,,,
PTC,Information Technology,-0.1861,1723,29.77,,,,,,,
PTCT,Health Care,-0.1601,1673,31.81,,,,,,,
PTEN,Energy,0.4145,346,85.93,,,,,,,
PTGX,Health Care,0.4041,367,85.07,,,,,,,
PTY,,-0.6959,2266,7.63,,,,,,,
PUBM,Information Technology,0.5303,223,90.95,,,,,,,
PUK,Financials,-0.4541,2073,15.5,,,,,,,
PUMP,Energy,-0.0042,1297,47.15,,,,,,,
PURR,Financials,,,,,,,,,,new_issue
PVH,Consumer Discretionary,-0.4881,2113,13.87,,,,,,,
PVLA,Health Care,-0.6062,2203,10.2,,,,,,,
PWP,Financials,-0.1446,1643,33.03,,,,,,,
PWR,Industrials,0.3946,373,84.83,,,,,,,
PXED,,,,,,,,,,,new_issue
PYPL,,-0.6695,2248,8.36,,,,,,,
PZZA,Consumer Discretionary,-0.1456,1644,32.99,,,,,,,
Q,Information Technology,,,,,,,,,,insufficient_history
QBTS,Information Technology,-0.1902,1729,29.53,,,,,,,
QCOM,Information Technology,0.4744,276,88.78,,,,,,,
QCRH,Financials,0.4436,312,87.32,,,,,,,
QDEL,Health Care,-0.7431,2286,6.81,,,,,,,
QGEN,Health Care,-0.5724,2177,11.26,,,,,,,
QLYS,Information Technology,0.551,208,91.56,,,,,,,
QMCO,Information Technology,0.9477,72,97.1,,,,,,,
QNST,,0.0034,1270,48.25,,,,,,,
QNT,Information Technology,,,,,,,,,,new_issue
QRVO,Information Technology,-0.4804,2104,14.23,,,,,,,
QSR,Consumer Discretionary,0.3724,404,83.56,,,,,,,
QTTB,Health Care,0.259,604,75.41,,,,,,,
QTWO,Information Technology,0.3713,406,83.48,,,,,,,
QUBT,Information Technology,-1.1503,2396,2.32,27.0,2026-08-11T22:37:59.553669+00:00,,,3.2674,11,
QURE,Health Care,-0.3821,2002,18.39,,,,,,,
QXO,Industrials,-0.4785,2100,14.4,,,,,,,
R,,0.3161,498,79.73,,,,,,,
RACE,Consumer Discretionary,-0.7626,2304,6.08,,,,,,,
RAMP,Information Technology,0.2517,619,74.8,,,,,,,
RAPP,Health Care,-0.2781,1867,23.9,,,,,,,
RARE,Health Care,0.0285,1208,50.77,,,,,,,
RBA,,-0.0925,1532,37.56,,,,,,,
RBC,Industrials,0.3776,396,83.89,,,,,,,
RBCAA,Financials,-0.0421,1386,43.52,,,,,,,
RBLX,Information Technology,-0.2419,1818,25.9,,,,,,,
RBRK,Information Technology,0.4897,258,89.52,,,,,,,
RCAT,Information Technology,-1.3275,2427,1.06,,,,,,,
RCI,Communication Services,-0.3568,1970,19.7,,,,,,,
RCL,Industrials,-0.0037,1294,47.27,,,,,,,
RCUS,Health Care,-0.5335,2153,12.23,,,,,,,
RDDT,Information Technology,-0.3017,1902,22.47,,,,,,,
RDN,Financials,-0.0907,1524,37.89,,,,,,,
RDNT,Health Care,-0.2228,1781,27.41,,,,,,,
RDVT,Information Technology,0.261,599,75.61,,,,,,,
RDW,Industrials,-0.0529,1419,42.17,,,,,,,
RDWR,,-0.4318,2053,16.31,,,,,,,
RDY,Health Care,-0.7937,2312,5.75,,,,,,,
REAL,Consumer Discretionary,0.3039,521,78.79,,,,,,,
REAX,Real Estate,-1.3266,2426,1.1,,,,,,,
REG,Real Estate,-0.3254,1933,21.21,,,,,,,
REGN,Health Care,-0.0344,1363,44.45,,,,,,,
RELY,,0.5287,225,90.86,,,,,,,
REPL,Health Care,-0.1838,1714,30.14,,,,,,,
REPX,Energy,0.4877,260,89.44,,,,,,,
RES,Energy,0.1181,966,60.64,,,,,,,
REX,Materials,0.3011,526,78.59,,,,,,,
REXR,Real Estate,-0.4924,2116,13.74,,,,,,,
REYN,Materials,-0.3144,1920,21.74,,,,,,,
REZI,Industrials,-0.0536,1421,42.09,,,,,,,
RF,Financials,0.0557,1134,53.79,,,,,,,
RGA,Financials,0.2318,673,72.59,,,,,,,
RGEN,Health Care,-0.1311,1617,34.09,,,,,,,
RGLD,Financials,-0.3575,1972,19.62,,,,,,,
RGNX,Health Care,-1.4022,2431,0.9,,,,,,,
RGTI,Information Technology,-0.0844,1507,38.58,,,,,,,
RH,Consumer Discretionary,0.1996,750,69.45,,,,,,,
RHI,,-0.073,1470,40.09,,,,,,,
RHP,Real Estate,0.3214,491,80.02,,,,,,,
RIG,Energy,-0.0586,1435,41.52,,,,,,,
RIGL,Health Care,-0.4839,2106,14.15,,,,,,,
RIO,Materials,0.831,89,96.41,,,,,,,
RIOT,Financials,-0.2427,1819,25.86,,,,,,,
RITM,Real Estate,-0.2605,1844,24.84,,,,,,,
RIVN,Consumer Discretionary,-0.3902,2016,17.82,,,,,,,
RJF,Financials,0.2379,659,73.16,,,,,,,
RKLB,Industrials,-0.6505,2238,8.77,,,,,,,
RKT,Financials,-0.919,2343,4.49,,,,,,,
RL,Consumer Discretionary,0.438,320,86.99,,,,,,,
RLAY,Health Care,0.2431,644,73.78,58.0,2026-08-10T22:41:35.829173+00:00,0.4509,168,2.7711,15,
RLI,Financials,0.0732,1076,56.16,,,,,,,
RLJ,Real Estate,0.0679,1099,55.22,,,,,,,
RMBS,Information Technology,-0.7161,2274,7.3,,,,,,,
RMD,Health Care,0.0189,1228,49.96,,,,,,,
RMIX,Materials,,,,,,,,,,new_issue
RNA,Health Care,,,,,,,,,,insufficient_history
RNG,Information Technology,1.2183,34,98.65,,,,,,,
RNR,Financials,0.3554,432,82.42,,,,,,,
RNST,Financials,0.2097,729,70.31,,,,,,,
RNW,Utilities,-0.7334,2284,6.89,,,,,,,
ROAD,Industrials,0.1408,885,63.95,,,,,,,
ROCK,Materials,-0.8182,2319,5.46,,,,,,,
ROG,Materials,0.5702,195,92.09,,,,,,,
ROIV,Health Care,-0.0732,1471,40.05,,,,,,,
ROK,Health Care,0.2634,592,75.9,,,,,,,
ROKU,Communication Services,0.3504,438,82.18,,,,,,,
ROL,,-0.0468,1402,42.86,,,,,,,
ROOT,Financials,-0.0877,1514,38.3,,,,,,,
ROP,Industrials,0.2422,648,73.61,,,,,,,
ROST,Consumer Discretionary,0.629,160,93.52,,,,,,,
RPD,Information Technology,-0.1649,1682,31.44,,,,,,,
RPM,Materials,-0.0843,1506,38.62,,,,,,,
RPRX,Health Care,0.3222,487,80.18,,,,,,,
RQI,,-0.3391,1950,20.51,,,,,,,
RRBI,Financials,0.4922,254,89.68,,,,,,,
RRC,Energy,0.113,983,59.95,,,,,,,
RRR,Consumer Discretionary,0.1564,854,65.21,,,,,,,
RRX,Industrials,-0.0213,1336,45.55,,,,,,,
RS,Industrials,0.2225,697,71.62,,,,,,,
RSG,Utilities,0.1023,1003,59.14,,,,,,,
RSI,Consumer Discretionary,0.0634,1112,54.69,,,,,,,
RSKD,,-0.0769,1485,39.48,,,,,,,
RTX,Industrials,0.0667,1101,55.14,,,,,,,
RUM,Information Technology,-1.6531,2446,0.29,,,,,,,
RUN,Industrials,-0.1228,1592,35.11,,,,,,,
RUSHA,Consumer Discretionary,0.1416,884,63.99,,,,,,,
RUSHB,Consumer Discretionary,0.1371,901,63.3,,,,,,,
RVI,,,,,,,,,,,new_issue
RVLV,Consumer Discretionary,-0.0924,1531,37.6,,,,,,,
RVMD,Health Care,-0.1879,1726,29.65,,,,,,,
RVTY,Health Care,0.0123,1250,49.06,,,,,,,
RXO,Industrials,-0.1783,1702,30.63,,,,,,,
RY,Financials,0.2762,563,77.08,,,,,,,
RYAM,Materials,-0.3677,1987,19.0,,,,,,,
RYAN,Financials,-0.1406,1633,33.44,,,,,,,
RYN,Real Estate,-0.7507,2290,6.65,,,,,,,
RYTM,Health Care,-0.4278,2047,16.56,,,,,,,
RYZ,Industrials,-0.4307,2051,16.39,,,,,,,
S,Information Technology,0.0724,1078,56.08,,,,,,,
SA,Materials,0.6267,162,93.43,,,,,,,
SAFT,Financials,0.119,962,60.81,,,,,,,
SAH,Consumer Discretionary,0.0994,1009,58.89,,,,,,,
SAIA,Industrials,0.1876,779,68.27,,,,,,,
SAIC,Information Technology,0.111,986,59.83,,,,,,,
SAM,Consumer Staples,-0.2623,1846,24.76,,,,,,,
SAN,Financials,0.3156,500,79.65,,,,,,,
SANM,Information Technology,0.1578,849,65.42,,,,,,,
SAP,Information Technology,-0.8894,2336,4.77,,,,,,,
SARO,Industrials,0.0568,1132,53.87,,,,,,,
SATL,Information Technology,-1.2471,2411,1.71,,,,,,,
SB,Industrials,1.0102,56,97.76,,,,,,,
SBAC,Real Estate,-0.2545,1836,25.16,,,,,,,
SBCF,Financials,-0.1302,1613,34.26,,,,,,,
SBET,Financials,-1.3921,2430,0.94,31.0,2026-08-10T22:41:29.752553+00:00,,,3.3194,10,
SBGI,Communication Services,-0.1337,1621,33.93,,,,,,,
SBH,Consumer Discretionary,0.2883,546,77.77,,,,,,,
SBLK,Industrials,0.3345,467,81.0,,,,,,,
SBRA,Real Estate,-0.338,1944,20.76,,,,,,,
SBSW,Materials,-0.1052,1557,36.54,,,,,,,
SBUX,Consumer Discretionary,0.2622,595,75.77,,,,,,,
SCCO,Materials,0.7455,110,95.55,,,,,,,
SCHL,Communication Services,-0.0457,1395,43.15,,,,,,,
SCHW,Financials,0.2018,744,69.7,,,,,,,
SCI,Consumer Discretionary,0.124,944,61.54,,,,,,,
SCL,Consumer Staples,0.0555,1135,53.75,,,,,,,
SCSC,Industrials,0.0127,1249,49.1,,,,,,,
SDGR,Health Care,-0.493,2117,13.7,,,,,,,
SDRL,Energy,-0.0798,1494,39.11,,,,,,,
SEB,Industrials,-0.06,1438,41.39,,,,,,,
SEDG,Information Technology,-0.3695,1989,18.92,,,,,,,
SEI,Industrials,-0.1524,1660,32.34,,,,,,,
SEIC,Financials,-0.0746,1478,39.76,,,,,,,
SENEA,Consumer Staples,0.3142,502,79.57,,,,,,,
SEPN,Health Care,,,,58.0,2026-08-11T22:37:47.032300+00:00,0.4334,189,7.3668,2,
SEZL,,0.7955,98,96.04,,,,,,,
SF,Financials,0.1369,902,63.25,,,,,,,
SFBS,Financials,0.3932,378,84.62,,,,,,,
SFL,Industrials,0.2593,603,75.45,,,,,,,
SFM,Consumer Staples,-0.0171,1322,46.13,,,,,,,
SFNC,Financials,-0.321,1929,21.37,,,,,,,
SFST,Financials,0.2143,715,70.88,,,,,,,
SG,Consumer Discretionary,-0.4055,2028,17.33,,,,,,,
SGHC,Consumer Discretionary,-0.3571,1971,19.66,,,,,,,
SGI,Consumer Discretionary,0.4555,297,87.93,,,,,,,
SGML,Materials,1.0934,43,98.29,,,,,,,
SGMT,Health Care,-0.7617,2302,6.16,,,,,,,
SGP,Health Care,,,,,,,,,,new_issue
SGRY,Health Care,-0.4782,2099,14.44,,,,,,,
SHAK,Consumer Discretionary,-0.1853,1721,29.85,,,,,,,
SHAZ,Information Technology,,,,,,,,,,new_issue
SHC,Health Care,0.2773,562,77.12,,,,,,,
SHEN,Communication Services,-0.6193,2214,9.75,,,,,,,
SHLS,Information Technology,-0.5441,2161,11.91,,,,,,,
SHO,Consumer Discretionary,0.4051,364,85.2,,,,,,,
SHOE,Consumer Discretionary,-0.3585,1976,19.45,,,,,,,
SHOO,Consumer Discretionary,0.3661,412,83.24,,,,,,,
SHOP,Information Technology,0.0574,1130,53.96,,,,,,,
SHW,Consumer Discretionary,0.328,477,80.59,,,,,,,
SIBN,Health Care,0.1764,807,67.13,,,,,,,
SIG,Consumer Discretionary,0.1498,871,64.52,,,,,,,
SIGI,Financials,0.1825,794,67.66,,,,,,,
SII,Financials,0.9563,68,97.27,,,,,,,
SILC,Information Technology,2.3423,12,99.55,,,,,,,
SIRI,Communication Services,0.1529,859,65.01,,,,,,,
SITE,Industrials,-1.0115,2364,3.63,,,,,,,
SITM,Information Technology,0.1542,857,65.09,,,,,,,
SJM,Consumer Staples,0.2556,610,75.16,,,,,,,
SKE,Materials,1.2577,32,98.74,,,,,,,
SKM,Communication Services,1.0576,48,98.08,,,,,,,
SKT,Real Estate,0.0411,1174,52.16,,,,,,,
SKWD,Financials,0.0144,1243,49.35,,,,,,,
SKY,Materials,-0.0678,1457,40.62,,,,,,,
SKYW,Industrials,0.0548,1140,53.55,,,,,,,
SLAB,Information Technology,0.0655,1105,54.98,,,,,,,
SLB,Energy,-0.0832,1503,38.74,,,,,,,
SLDB,Health Care,-0.8083,2314,5.67,,,,,,,
SLF,Financials,0.1898,770,68.64,,,,,,,
SLG,Real Estate,-0.5081,2131,13.13,,,,,,,
SLGN,Industrials,-0.1419,1640,33.16,,,,,,,
SLM,Financials,0.0607,1122,54.28,,,,,,,
SLS,Health Care,-0.4471,2069,15.66,,,,,,,
SLVM,Materials,-0.1936,1736,29.24,,,,,,,
SM,Energy,0.1404,888,63.83,,,,,,,
SMBC,Financials,0.1882,776,68.39,,,,,,,
SMBK,Financials,0.1757,809,67.05,,,,,,,
SMCI,Information Technology,-0.7911,2311,5.79,,,,,,,
SMG,Materials,-0.2181,1769,27.9,,,,,,,
SMMT,Health Care,-0.6382,2231,9.05,,,,,,,
SMP,Consumer Discretionary,0.0341,1192,51.43,,,,,,,
SMPL,Consumer Staples,-0.663,2244,8.52,,,,,,,
SMR,Industrials,-2.0164,2452,0.04,,,,,,,
SMTC,Information Technology,2.01,16,99.39,,,,,,,
SMTI,Health Care,-0.2206,1776,27.61,,,,,,,
SMWB,Information Technology,-0.6553,2241,8.65,,,,,,,
SN,Industrials,0.0031,1271,48.21,,,,,,,
SNA,Industrials,0.0945,1020,58.44,,,,,,,
SNAP,Information Technology,0.0264,1214,50.53,,,,,,,
SNDA,Health Care,-0.9676,2356,3.96,,,,,,,
SNDK,Information Technology,,,,74.0,2026-08-18T22:39:00.633249+00:00,1.4708,7,2.8571,13,
SNDR,Industrials,0.3349,465,81.08,,,,,,,
SNDX,Health Care,-0.9275,2346,4.36,,,,,,,
SNEX,Financials,0.0016,1276,48.0,,,,,,,
SNN,Health Care,-0.8226,2320,5.42,,,,,,,
SNOW,Information Technology,0.3608,423,82.79,,,,,,,
SNPS,Information Technology,-0.0197,1328,45.88,,,,,,,
SNX,Industrials,0.3182,494,79.89,,,,,,,
SO,Utilities,-0.5511,2163,11.83,,,,,,,
SOBO,Industrials,0.1513,867,64.68,,,,,,,
SOFI,Financials,-0.6926,2263,7.75,,,,,,,
SOLS,Materials,,,,,,,,,,insufficient_history
SOLV,Health Care,-0.0603,1439,41.35,,,,,,,
SON,Materials,0.1019,1004,59.09,,,,,,,
SONO,Industrials,0.1849,784,68.07,,,,,,,
SOUN,Information Technology,-1.0263,2367,3.51,,,,,,,
SPB,Industrials,0.1875,780,68.23,,,,,,,
SPCX,Information Technology,,,,,,,,,,new_issue
SPG,Real Estate,-0.1662,1684,31.36,,,,,,,
SPGI,,-0.6139,2210,9.91,,,,,,,
SPHR,Consumer Discretionary,0.4731,277,88.74,,,,,,,
SPIR,Communication Services,-0.459,2081,15.17,,,,,,,
SPNT,Financials,0.2302,677,72.43,,,,,,,
SPOT,Communication Services,-0.9358,2349,4.24,,,,,,,
SPRB,Health Care,,,,52.0,2026-08-17T22:40:25.707555+00:00,,,2.1437,24,
SPSC,Information Technology,-0.2683,1852,24.51,,,,,,,
SPT,Information Technology,0.2238,695,71.7,,,,,,,
SPTX,Health Care,,,,,,,,,,new_issue
SPXC,Industrials,0.0171,1234,49.71,,,,,,,
SQM,Materials,0.9967,59,97.63,,,,,,,
SR,Utilities,-0.3429,1957,20.23,,,,,,,
SRAD,Information Technology,-1.5118,2439,0.57,,,,,,,
SRCE,Financials,0.3371,461,81.24,,,,,,,
SRE,Utilities,-0.5077,2129,13.21,,,,,,,
SRPT,Health Care,-0.3113,1914,21.98,,,,,,,
SRRK,Health Care,-0.3156,1922,21.66,,,,,,,
SSB,Financials,0.0162,1238,49.55,,,,,,,
SSD,Industrials,0.2933,536,78.18,,,,,,,
SSMR,Materials,,,,,,,,,,new_issue
SSNC,Information Technology,0.2573,606,75.33,,,,,,,
SSRM,Financials,0.3045,520,78.83,,,,,,,
ST,Industrials,0.2324,671,72.68,,,,,,,
STAA,Health Care,-0.2539,1834,25.24,,,,,,,
STAG,Real Estate,-0.3114,1915,21.94,,,,,,,
STBA,Financials,0.2453,634,74.18,,,,,,,
STC,Financials,-0.0571,1431,41.68,,,,,,,
STE,Health Care,-0.0362,1367,44.29,,,,,,,
STEP,Financials,-0.1563,1666,32.1,,,,,,,
STGW,Communication Services,-0.2112,1760,28.26,,,,,,,
STLD,Materials,0.2325,670,72.72,,,,,,,
STM,Information Technology,0.8343,88,96.45,,,,,,,
STN,Industrials,-1.0633,2379,3.02,,,,,,,
STNE,Information Technology,-1.2147,2407,1.88,,,,,,,
STNG,Industrials,0.064,1111,54.73,,,,,,,
STOK,Health Care,-0.4686,2091,14.76,,,,,,,
STRA,,0.1224,949,61.34,,,,,,,
STRL,Industrials,0.4079,355,85.56,,,,,,,
STRO,Health Care,0.4194,339,86.22,,,,,,,
STRT,Consumer Discretionary,-0.0426,1387,43.47,,,,,,,
STT,Financials,0.4685,282,88.54,,,,,,,
STTK,Health Care,-0.3419,1953,20.39,,,,,,,
STVN,Health Care,-0.83,2323,5.3,,,,,,,
STWD,Real Estate,-0.381,2000,18.47,,,,,,,
STX,Information Technology,1.3314,29,98.86,74.0,2026-08-10T22:37:22.698626+00:00,1.1895,13,2.2119,22,
STZ,Consumer Staples,0.0223,1221,50.24,,,,,,,
SU,Energy,0.5484,210,91.48,,,,,,,
SUI,Real Estate,-0.4934,2118,13.66,,,,,,,
SUJA,Consumer Staples,,,,,,,,,,new_issue
SUNB,,,,,,,,,,,insufficient_history
SUPN,Health Care,-0.4368,2056,16.19,,,,,,,
SVC,Real Estate,-1.2013,2404,2.0,,,,,,,
SVM,Materials,1.7705,20,99.23,,,,,,,
SVRA,Health Care,-0.5967,2196,10.48,,,,,,,
SVV,Consumer Discretionary,-0.0849,1509,38.5,,,,,,,
SW,Materials,0.0036,1269,48.29,,,,,,,
SWBI,Industrials,0.5692,196,92.05,,,,,,,
SWK,Industrials,0.3401,453,81.57,,,,,,,
SWKS,Information Technology,-0.4258,2042,16.76,,,,,,,
SWMR,Information Technology,,,,,,,,,,new_issue
SWX,Utilities,0.1138,979,60.11,,,,,,,
SXC,Materials,-0.0461,1396,43.11,,,,,,,
SXI,Industrials,0.1815,797,67.54,,,,,,,
SXT,Materials,0.217,709,71.13,,,,,,,
SYBT,Financials,0.0712,1080,56.0,,,,,,,
SYF,Financials,0.2311,676,72.47,,,,,,,
SYK,Health Care,0.1268,931,62.07,,,,,,,
SYM,Industrials,0.182,795,67.62,,,,,,,
SYNA,Information Technology,0.2433,643,73.82,,,,,,,
SYRE,Health Care,-0.0863,1511,38.42,,,,,,,
SYY,Industrials,0.0423,1171,52.28,,,,,,,
T,Communication Services,0.0791,1062,56.73,,,,,,,
TAC,Utilities,-0.642,2235,8.89,,,,,,,
TALO,Energy,0.3218,488,80.14,,,,,,,
TAP,Consumer Staples,0.0911,1026,58.2,,,,,,,
TARS,Health Care,0.1203,958,60.97,,,,,,,
TATT,Industrials,-0.5672,2174,11.38,,,,,,,
TBBB,Consumer Staples,1.2431,33,98.69,,,,,,,
TBBK,Financials,0.4152,344,86.01,,,,,,,
TCBI,Financials,-0.0124,1311,46.57,,,,,,,
TCBK,Financials,0.1799,801,67.37,,,,,,,
TCMD,Health Care,0.2073,735,70.07,,,,,,,
TD,Financials,0.5113,236,90.42,,,,,,,
TDAY,Communication Services,-0.1839,1715,30.1,,,,,,,
TDC,Information Technology,0.8469,85,96.57,,,,,,,
TDG,Industrials,-0.2391,1811,26.18,,,,,,,
TDOC,Health Care,-0.3227,1931,21.29,,,,,,,
TDS,Communication Services,0.4638,286,88.38,,,,,,,
TDW,Industrials,-0.1184,1578,35.69,,,,,,,
TDY,Industrials,0.0881,1036,57.79,,,,,,,
TEAM,Information Technology,0.271,576,76.55,,,,,,,
TECH,Health Care,0.258,605,75.37,,,,,,,
TECK,Materials,0.945,73,97.06,,,,,,,
TECX,Health Care,-0.1118,1569,36.05,,,,,,,
TEL,Industrials,0.0264,1213,50.57,,,,,,,
TEM,Information Technology,-0.7198,2276,7.22,,,,,,,
TEN,Industrials,0.7131,124,94.98,,,,,,,
TENB,Information Technology,0.4061,361,85.32,,,,,,,
TER,Industrials,0.5539,205,91.68,,,,,,,
TEX,Industrials,-0.2916,1886,23.12,,,,,,,
TFC,Financials,0.3149,501,79.61,,,,,,,
TFII,Industrials,0.415,345,85.97,,,,,,,
TFIN,Financials,0.0598,1125,54.16,,,,,,,
TFPM,Financials,-0.0209,1335,45.6,,,,,,,
TFSL,Financials,0.3421,449,81.73,,,,,,,
TFX,Health Care,-0.6892,2260,7.87,,,,,,,
TGB,Materials,1.8607,17,99.35,,,,,,,
TGLS,Materials,-0.519,2140,12.77,,,,,,,
TGS,Utilities,-0.1,1545,37.03,,,,,,,
TGT,Consumer Discretionary,0.6792,140,94.33,,,,,,,
TGTX,Health Care,-0.5181,2139,12.81,,,,,,,
TH,Consumer Discretionary,0.5952,180,92.7,,,,,,,
THC,Health Care,0.4291,328,86.66,,,,,,,
THFF,Financials,0.082,1052,57.14,,,,,,,
THG,Financials,0.2681,585,76.18,,,,,,,
THO,Consumer Discretionary,-0.3623,1985,19.09,,,,,,,
THRM,Consumer Discretionary,-0.0094,1307,46.74,,,,,,,
TIGO,Communication Services,1.7756,19,99.27,,,,,,,
TILE,Consumer Discretionary,0.4916,256,89.6,,,,,,,
TJX,Consumer Discretionary,0.4775,271,88.99,,,,,,,
TK,Industrials,0.4575,294,88.05,,,,,,,
TKC,Communication Services,-0.692,2261,7.83,,,,,,,
TKO,Consumer Discretionary,0.0179,1233,49.76,,,,,,,
TKR,Industrials,-0.1768,1699,30.75,,,,,,,
TLK,Communication Services,-0.8253,2322,5.34,,,,,,,
TLN,Utilities,-0.9215,2344,4.45,,,,,,,
TM,Consumer Discretionary,-0.5767,2180,11.13,,,,,,,
TMDX,Health Care,-0.506,2128,13.25,,,,,,,
TMO,Health Care,0.1596,842,65.7,,,,,,,
TMP,Financials,0.2101,728,70.35,,,,,,,
TMUS,Communication Services,0.0758,1070,56.4,,,,,,,
TNC,Industrials,-0.5328,2151,12.32,,,,,,,
TNDM,Health Care,-0.2525,1830,25.41,,,,,,,
TNET,,0.6614,150,93.92,,,,,,,
TNGX,Health Care,-0.5828,2184,10.97,58.0,2026-08-12T22:37:27.975778+00:00,,,2.3365,20,
TNK,Industrials,0.5749,191,92.25,,,,,,,
TNL,Consumer Discretionary,-0.0017,1284,47.68,,,,,,,
TOL,Industrials,-0.1907,1731,29.45,,,,,,,
TOST,Information Technology,0.1831,792,67.74,,,,,,,
TPB,Consumer Staples,-0.2097,1758,28.34,,,,,,,
TPC,Industrials,0.2966,530,78.43,,,,,,,
TPG,Financials,0.1334,911,62.89,,,,,,,
TPL,Financials,-0.189,1727,29.61,,,,,,,
TPR,Consumer Discretionary,0.861,83,96.66,,,,,,,
TR,Consumer Staples,-0.4713,2094,14.64,,,,,,,
TRAX,Health Care,,,,,,,,,,new_issue
TREE,Financials,-0.1034,1549,36.87,,,,,,,
TREX,Materials,-0.0008,1280,47.84,,,,,,,
TRGP,Utilities,0.4731,278,88.7,,,,,,,
TRI,Communication Services,-1.1211,2389,2.61,,,,,,,
TRIN,,-0.4587,2079,15.25,,,,,,,
TRIP,Information Technology,-0.2433,1820,25.82,,,,,,,
TRLV,Health Care,0.2117,724,70.51,,,,,,,
TRMB,Health Care,-0.2258,1788,27.12,,,,,,,
TRMD,Industrials,0.3676,410,83.32,,,,,,,
TRMK,Financials,0.0707,1082,55.91,,,,,,,
TRN,Industrials,0.3659,414,83.16,,,,,,,
TRNO,Real Estate,-0.3039,1906,22.31,,,,,,,
TRNS,Industrials,-0.2339,1798,26.71,,,,,,,
TROW,Financials,0.207,736,70.02,,,,,,,
TRP,Utilities,-0.1507,1656,32.5,,,,,,,
TRS,Industrials,-0.1297,1612,34.3,,,,,,,
TRST,Financials,0.1911,769,68.68,,,,,,,
TRTX,Real Estate,-0.6059,2202,10.24,,,,,,,
TRU,,-0.5617,2170,11.54,,,,,,,
TRUP,Financials,-0.2283,1792,26.96,,,,,,,
TRV,Financials,0.353,436,82.26,,,,,,,
TRVI,Health Care,-0.3029,1904,22.39,,,,,,,
TSAT,Communication Services,0.7653,106,95.72,,,,,,,
TSCO,Consumer Discretionary,-0.093,1534,37.48,,,,,,,
TSEM,Information Technology,3.7072,4,99.88,,,,,,,
TSLA,Consumer Discretionary,-0.1567,1667,32.06,,,,,,,
TSLX,,-0.2985,1896,22.72,,,,,,,
TSM,Information Technology,0.4156,343,86.05,,,,,,,
TSN,Consumer Staples,-0.0415,1384,43.6,,,,,,,
TSSI,Industrials,-0.6534,2240,8.69,,,,,,,
TT,Industrials,0.1265,933,61.99,,,,,,,
TTC,Industrials,0.3374,457,81.4,,,,,,,
TTD,Information Technology,-0.2052,1751,28.63,,,,,,,
TTE,Energy,0.3317,473,80.75,,,,,,,
TTEK,Industrials,-0.0973,1540,37.23,,,,,,,
TTI,Energy,-0.1221,1590,35.2,,,,,,,
TTMI,Information Technology,0.5449,211,91.44,,,,,,,
TTWO,Information Technology,-0.1245,1596,34.95,,,,,,,
TU,Communication Services,-1.1831,2399,2.2,,,,,,,
TVTX,Health Care,-0.1392,1627,33.69,,,,,,,
TW,Financials,0.1298,919,62.56,,,,,,,
TWLO,Information Technology,0.5782,190,92.29,,,,,,,
TWST,Health Care,0.4124,349,85.81,,,,,,,
TXG,Health Care,0.6243,164,93.35,,,0.9174,23,1.933,30,
TXN,Information Technology,0.3911,384,84.38,,,,,,,
TXNM,Utilities,-0.4397,2058,16.11,,,,,,,
TXRH,Consumer Discretionary,0.1686,832,66.11,,,,,,,
TXT,Industrials,-0.0485,1409,42.58,,,,,,,
TYG,,-0.2588,1842,24.92,,,,,,,
TYL,Information Technology,0.0457,1162,52.65,,,,,,,
TYRA,Health Care,-0.4548,2074,15.46,,,,,,,
U,Information Technology,0.0693,1090,55.59,,,,,,,
UAL,Industrials,0.0504,1155,52.94,,,,,,,
UBER,,-0.022,1338,45.47,,,,,,,
UBS,Financials,0.1297,920,62.52,,,,,,,
UBSI,Financials,0.1211,955,61.09,,,,,,,
UCB,Financials,0.2992,527,78.55,,,,,,,
UCTT,Information Technology,0.3871,390,84.14,,,,,,,
UDR,Real Estate,-0.3893,2013,17.94,,,,,,,
UE,Real Estate,-0.3187,1926,21.49,,,,,,,
UEC,Materials,-0.5928,2193,10.6,,,,,,,
UFCS,Financials,0.3462,441,82.06,,,,,,,
UFPI,Materials,-0.2525,1831,25.37,,,,,,,
UFPT,Health Care,0.2541,613,75.04,,,,,,,
UGI,Utilities,0.0682,1097,55.3,,,,,,,
UHAL,,0.1462,877,64.27,,,,,,,
UHAL-B,,0.1585,848,65.46,,,,,,,
UHS,Health Care,-0.0227,1343,45.27,,,,,,,
UI,Information Technology,-0.0586,1434,41.56,,,,,,,
ULCC,Industrials,-0.2161,1765,28.06,,,,,,,
ULS,Industrials,0.4515,303,87.68,,,,,,,
ULTA,Consumer Discretionary,0.2724,572,76.71,,,,,,,
UMAC,Information Technology,-1.0774,2381,2.94,,,,,,,
UMBF,Financials,0.1338,909,62.97,,,,,,,
UMC,Information Technology,2.4499,11,99.59,,,,,,,
UMH,Real Estate,-0.0714,1464,40.33,,,,,,,
UNF,Consumer Discretionary,-0.1571,1668,32.01,,,,,,,
UNFI,Industrials,0.3848,391,84.09,,,,,,,
UNH,Financials,0.1736,821,66.56,,,,,,,
UNIT,Communication Services,0.872,80,96.78,46.0,2026-08-10T22:37:41.672900+00:00,1.9005,1,,,
UNM,Financials,-0.1064,1561,36.38,,,,,,,
UNP,Industrials,0.3573,429,82.54,,,,,,,
UPBD,,0.1878,777,68.35,,,,,,,
UPS,Industrials,-0.0201,1332,45.72,,,,,,,
UPST,Financials,-0.6355,2230,9.09,,,,,,,
UPWK,Information Technology,-0.0555,1428,41.8,,,,,,,
URBN,Consumer Discretionary,0.4803,266,89.19,,,,,,,
URGN,Health Care,0.3648,416,83.08,,,,,,,
URI,,-0.2572,1838,25.08,,,,,,,
USA,,-0.4502,2072,15.54,,,,,,,
USAR,Materials,-0.4439,2064,15.86,,,,,,,
USB,Financials,0.2415,650,73.53,,,,,,,
USDE,Financials,,,,,,,,,,new_issue
USFD,Industrials,0.4637,287,88.34,,,,,,,
USLM,Materials,-0.1233,1593,35.07,,,,,,,
USPH,Health Care,-0.2474,1824,25.65,,,,,,,
UTF,,-0.1333,1619,34.01,,,,,,,
UTG,,-0.4252,2040,16.84,,,,,,,
UTHR,Health Care,0.3136,508,79.32,,,,,,,
UTI,,-0.3601,1982,19.21,,,,,,,
UTL,Utilities,-0.0143,1317,46.33,,,,,,,
UTZ,Consumer Staples,-0.3357,1942,20.84,,,,,,,
UUUU,Materials,-0.7845,2309,5.87,,,,,,,
UVE,Financials,0.6405,157,93.64,,,,,,,
UVSP,Financials,0.2437,639,73.98,,,,,,,
UVV,Industrials,-0.236,1804,26.47,,,,,,,
V,,-0.2514,1828,25.49,,,,,,,
VAC,Real Estate,-0.1265,1599,34.83,,,,,,,
VAL,Energy,-0.0525,1417,42.25,,,,,,,
VC,Consumer Discretionary,-0.1399,1629,33.61,,,,,,,
VCEL,Health Care,0.1272,929,62.15,,,,,,,
VCTR,Financials,0.5861,184,92.54,,,,,,,
VCX,,,,,,,,,,,new_issue
VCYT,Health Care,0.2023,743,69.74,,,,,,,
VECO,Industrials,0.0156,1240,49.47,,,,,,,
VEEV,Information Technology,0.3252,484,80.3,,,,,,,
VELO,Industrials,-0.4466,2067,15.74,,,,,,,
VERA,Health Care,-0.6463,2236,8.85,,,,,,,
VERX,Information Technology,-0.0226,1342,45.31,,,,,,,
VET,Energy,0.4346,324,86.83,,,,,,,
VFC,Consumer Discretionary,-0.6076,2204,10.15,,,,,,,
VGNT,Consumer Discretionary,,,,,,,,,,insufficient_history
VIAV,Information Technology,0.3169,497,79.77,,,,,,,
VICI,Real Estate,-0.3455,1959,20.15,,,,,,,
VICR,Information Technology,3.7259,3,99.92,,,,,,,
VIK,Industrials,0.4225,335,86.38,,,,,,,
VIR,Health Care,0.14,891,63.7,56.0,2026-08-10T22:40:11.382719+00:00,0.2002,562,7.1222,3,
VIRT,Financials,0.006,1264,48.49,,,,,,,
VISN,Information Technology,0.6966,129,94.78,,,,,,,
VITL,Consumer Staples,-0.8094,2315,5.63,,,,,,,
VKTX,Health Care,-0.5058,2127,13.3,,,,,,,
VLO,Energy,0.6231,165,93.31,,,,,,,
VLTO,Industrials,-0.6312,2224,9.34,,,,,,,
VLY,Financials,0.1247,941,61.66,,,,,,,
VMC,Materials,-0.6323,2225,9.3,,,,,,,
VMET,Financials,,,,,,,,,,insufficient_history
VMI,Industrials,0.2541,614,75.0,,,,,,,
VNO,Real Estate,-0.4559,2076,15.38,,,,,,,
VNOM,Energy,0.1617,840,65.78,,,,,,,
VNT,Industrials,-0.194,1738,29.16,,,,,,,
VOR,Health Care,-1.3001,2424,1.18,,,,,,,
VOYA,Financials,-0.0825,1501,38.83,,,,,,,
VPG,Information Technology,0.0111,1252,48.98,,,,,,,
VRDN,Health Care,-0.9223,2345,4.4,,,,,,,
VREX,Information Technology,0.2061,738,69.94,,,,,,,
VRNS,Information Technology,-0.2958,1892,22.88,,,,,,,
VRSK,Information Technology,-0.9306,2347,4.32,,,,,,,
VRSN,Information Technology,-0.1162,1576,35.77,,,,,,,
VRT,Information Technology,0.4572,295,88.01,,,,,,,
VRTS,Financials,-0.071,1462,40.42,,,,,,,
VRTX,Health Care,-0.0366,1369,44.21,,,,,,,
VSAT,Communication Services,0.4307,326,86.75,,,,,,,
VSEC,Industrials,-0.6251,2217,9.62,,,,,,,
VSH,Information Technology,0.2102,727,70.39,,,,,,,
VSNT,Communication Services,,,,,,,,,,insufficient_history
VST,Utilities,-0.0233,1344,45.23,,,,,,,
VSTM,Health Care,-0.9749,2360,3.79,48.0,2026-08-10T22:40:33.002602+00:00,,,6.0072,7,
VSTS,Industrials,0.616,170,93.11,,,,,,,
VSXY,Consumer Discretionary,1.2073,36,98.57,,,1.0333,18,1.6769,36,
VTOL,Industrials,-0.0841,1504,38.7,,,,,,,
VTR,Real Estate,-0.06,1437,41.44,,,,,,,
VTRS,Health Care,0.3919,382,84.46,,,,,,,
VTS,Energy,0.0102,1256,48.82,,,,,,,
VTVT,Health Care,,,,31.0,2026-08-11T22:37:53.260382+00:00,,,6.5928,5,
VVV,Energy,-0.0991,1543,37.11,,,,,,,
VVX,Industrials,0.0302,1201,51.06,,,,,,,
VYX,Information Technology,-0.1406,1632,33.48,,,,,,,
VZ,Communication Services,-0.0813,1498,38.95,,,,,,,
W,Consumer Discretionary,0.7081,127,94.86,,,,,,,
WAB,Industrials,0.3603,426,82.67,,,,,,,
WABC,Financials,0.0664,1103,55.06,,,,,,,
WAFD,Financials,0.0647,1108,54.85,,,,,,,
WAL,Financials,0.0137,1246,49.23,,,,,,,
WASH,Financials,0.3399,454,81.53,,,,,,,
WAT,Health Care,-1.274,2419,1.39,,,,,,,
WAY,Information Technology,-0.3133,1918,21.82,,,,,,,
WBD,Communication Services,-0.102,1548,36.91,,,,,,,
WCC,Industrials,0.0505,1154,52.98,,,,,,,
WCN,Utilities,0.0097,1259,48.69,,,,,,,
WD,Financials,-0.7163,2275,7.26,,,,,,,
WDAY,Information Technology,0.5088,237,90.38,,,,,,,
WDC,Information Technology,0.9246,74,97.02,78.0,2026-08-17T22:40:01.762494+00:00,0.9025,25,1.8308,33,
WDFC,Materials,0.0695,1089,55.63,,,,,,,
WEAV,Information Technology,0.2355,665,72.92,,,,,,,
WEC,Utilities,-0.1401,1631,33.52,,,,,,,
WELL,Real Estate,0.2923,537,78.14,,,,,,,
WEN,Consumer Discretionary,0.0903,1030,58.03,,,,,,,
WERN,Industrials,-0.1904,1730,29.49,,,,,,,
WEX,,0.1423,882,64.07,,,,,,,
WFC,Financials,0.2523,618,74.84,,,,,,,
WFG,Materials,-0.5377,2155,12.15,,,,,,,
WFRD,Industrials,-0.0726,1466,40.25,,,,,,,
WGO,Consumer Discretionary,-0.671,2249,8.32,,,,,,,
WGS,Health Care,-0.4055,2027,17.37,,,,,,,
WH,Consumer Discretionary,0.1223,950,61.3,,,,,,,
WHD,Industrials,-0.0429,1389,43.39,,,,,,,
WHK,Energy,,,,,,,,,,new_issue
WHR,Industrials,-0.2357,1803,26.51,,,,,,,
WINA,Consumer Discretionary,-0.5983,2197,10.44,,,,,,,
WING,Consumer Discretionary,-0.1141,1570,36.01,,,,,,,
WIX,Information Technology,-1.5118,2440,0.53,,,,,,,
WK,Information Technology,0.0384,1178,52.0,,,,,,,
WKC,Industrials,-0.0736,1473,39.97,,,,,,,
WLDN,Industrials,0.0553,1136,53.71,,,,,,,
WLFC,Industrials,-0.1655,1683,31.4,,,,,,,
WLK,Materials,-0.2033,1749,28.71,,,,,,,
WLTH,Financials,,,,,,,,,,new_issue
WLY,Communication Services,-0.0202,1333,45.68,,,,,,,
WM,Utilities,0.1523,861,64.93,,,,,,,
WMB,Utilities,0.2458,633,74.23,,,,,,,
WMG,Consumer Discretionary,0.1339,907,63.05,,,,,,,
WMK,Consumer Staples,-0.0553,1427,41.84,,,,,,,
WMS,Materials,0.2118,723,70.55,,,,,,,
WMT,Consumer Discretionary,-0.0169,1320,46.21,,,,,,,
WNC,Consumer Discretionary,-0.0895,1519,38.09,,,,,,,
WOLF,Information Technology,,,,,,,,,,new_issue
WOR,Materials,-0.0027,1288,47.51,,,,,,,
WPC,Real Estate,0.2623,594,75.82,,,,,,,
WPM,Materials,0.3938,377,84.67,,,,,,,
WRB,Financials,0.0367,1184,51.75,,,,,,,
WRBY,Health Care,0.126,934,61.95,,,,,,,
WRLD,Financials,0.3924,381,84.5,,,,,,,
WS,Materials,-0.1334,1620,33.97,,,,,,,
WSBC,Financials,0.129,923,62.4,,,,,,,
WSC,,-0.0267,1352,44.9,,,,,,,
WSE,,,,,,,,,,,insufficient_history
WSFS,Financials,0.2613,598,75.65,,,,,,,
WSM,Consumer Discretionary,0.3086,514,79.08,,,,,,,
WSO,Industrials,-0.4911,2115,13.78,,,,,,,
WST,Health Care,0.1009,1007,58.97,,,,,,,
WT,Financials,0.1106,988,59.75,,,,,,,
WTFC,Financials,0.2398,656,73.29,,,,,,,
WTM,Financials,0.1734,823,66.48,,,,,,,
WTRG,Utilities,-0.0901,1521,38.01,,,,,,,
WTS,Industrials,0.251,622,74.67,,,,,,,
WTTR,Energy,0.3899,385,84.34,,,,,,,
WTW,Financials,-0.0929,1533,37.52,,,,,,,
WU,,0.6878,137,94.45,,,,,,,
WULF,Financials,-1.9261,2450,0.12,,,,,,,
WWD,Industrials,0.2437,640,73.94,,,,,,,
WWW,Consumer Discretionary,0.0105,1255,48.86,,,,,,,
WY,Real Estate,-0.0607,1441,41.27,,,,,,,
WYNN,Consumer Discretionary,-0.5328,2152,12.28,,,,,,,
XE,Industrials,,,,,,,,,,new_issue
XEL,Utilities,0.0247,1218,50.37,,,,,,,
XENE,Health Care,-0.6027,2200,10.32,,,,,,,
XERS,Health Care,0.4128,348,85.85,,,,,,,
XHR,Consumer Discretionary,-0.294,1889,23.0,,,,,,,
XMAX,Consumer Discretionary,-0.6836,2254,8.12,,,,,,,
XMTR,,-0.127,1602,34.71,,,,,,,
XNCR,Health Care,-0.0462,1398,43.03,,,,,,,
XOM,Energy,0.2683,584,76.22,,,,,,,
XP,Financials,-0.6138,2209,9.95,,,,,,,
XPEL,Industrials,0.0702,1086,55.75,,,,,,,
XPO,Industrials,0.2171,708,71.17,,,,,,,
XPRO,Energy,0.2687,582,76.31,,,,,,,
XRAY,Health Care,-0.4643,2087,14.93,,,,,,,
XXI,Financials,-1.5118,2441,0.49,,,,,,,
XYL,Industrials,0.0548,1141,53.51,,,,,,,
XYZ,Information Technology,-0.1929,1733,29.36,,,,,,,
XZO,Information Technology,,,,,,,,,,new_issue
YELP,Consumer Discretionary,0.3646,417,83.03,,,,,,,
YETI,Consumer Discretionary,0.5059,240,90.25,,,,,,,
YEXT,Information Technology,0.399,371,84.91,,,,,,,
YOU,Information Technology,0.7349,119,95.19,,,,,,,
YPF,Energy,1.0004,58,97.68,,,,,,,
YSS,Industrials,,,,,,,,,,new_issue
YSWY,Consumer Staples,,,,,,,,,,new_issue
YUM,Consumer Discretionary,-0.0097,1308,46.7,,,,,,,
YUMC,Consumer Discretionary,0.3507,437,82.22,,,,,,,
Z,,-0.3593,1978,19.37,,,,,,,
ZBH,Health Care,0.0665,1102,55.1,,,,,,,
ZBIO,Health Care,-1.0518,2376,3.14,,,,,,,
ZBRA,Industrials,0.2295,682,72.23,,,,,,,
ZD,Communication Services,0.6204,168,93.19,,,,,,,
ZETA,Information Technology,0.4446,310,87.4,,,,,,,
ZG,,-0.3583,1975,19.49,,,,,,,
ZGN,Consumer Discretionary,0.3423,447,81.81,,,,,,,
ZIM,Industrials,1.2874,30,98.82,,,,,,,
ZION,Financials,0.5398,216,91.23,,,,,,,
ZM,Information Technology,0.0726,1077,56.12,,,,,,,
ZS,Information Technology,-0.1931,1734,29.32,,,,,,,
ZTS,Health Care,0.1336,910,62.93,,,,,,,
ZVRA,Health Care,-0.314,1919,21.78,,,,,,,
ZWS,Industrials,-0.3681,1988,18.96,,,,,,,
ZYME,Health Care,-0.8238,2321,5.38,,,,,,,
